I0916 05:52:01.074307 1 cache_manager.cc:480] "Create CacheManager with cache_dir: '/opt/tritonserver/caches'"
I0916 05:52:01.535391 1 pinned_memory_manager.cc:277] "Pinned memory pool is created at '0x15530a000000' with size 268435456"
I0916 05:52:01.539085 1 cuda_memory_manager.cc:107] "CUDA memory pool is created on device 0 with size 67108864"
I0916 05:52:01.551422 1 model_config_utils.cc:716] "Server side auto-completed config: "
name: "rtdetr"
platform: "onnxruntime_onnx"
input {
  name: "images"
  data_type: TYPE_FP32
  dims: 1
  dims: 3
  dims: 640
  dims: 640
}
output {
  name: "output0"
  data_type: TYPE_FP32
  dims: 1
  dims: 300
  dims: 84
}
instance_group {
  count: 1
  kind: KIND_GPU
}
default_model_filename: "model.onnx"
backend: "onnxruntime"

I0916 05:52:01.552019 1 model_lifecycle.cc:472] "loading: rtdetr:1"
I0916 05:52:01.552229 1 backend_model.cc:503] "Adding default backend config setting: default-max-batch-size,4"
I0916 05:52:01.552271 1 shared_library.cc:112] "OpenLibraryHandle: /opt/tritonserver/backends/onnxruntime/libtriton_onnxruntime.so"
I0916 05:52:01.555692 1 onnxruntime.cc:2875] "TRITONBACKEND_Initialize: onnxruntime"
I0916 05:52:01.555723 1 onnxruntime.cc:2885] "Triton TRITONBACKEND API version: 1.19"
I0916 05:52:01.555733 1 onnxruntime.cc:2891] "'onnxruntime' TRITONBACKEND API version: 1.19"
I0916 05:52:01.555743 1 onnxruntime.cc:2921] "backend configuration:\n{\"cmdline\":{\"auto-complete-config\":\"true\",\"backend-directory\":\"/opt/tritonserver/backends\",\"min-compute-capability\":\"6.000000\",\"default-max-batch-size\":\"4\"}}"
I0916 05:52:01.599180 1 onnxruntime.cc:3157] "TRITONBACKEND_GetBackendAttribute: setting attributes"
I0916 05:52:01.602082 1 onnxruntime.cc:2986] "TRITONBACKEND_ModelInitialize: rtdetr (version 1)"
I0916 05:52:01.602811 1 model_config_utils.cc:1941] "ModelConfig 64-bit fields:"
I0916 05:52:01.602822 1 model_config_utils.cc:1943] "\tModelConfig::dynamic_batching::default_priority_level"
I0916 05:52:01.602829 1 model_config_utils.cc:1943] "\tModelConfig::dynamic_batching::default_queue_policy::default_timeout_microseconds"
I0916 05:52:01.602837 1 model_config_utils.cc:1943] "\tModelConfig::dynamic_batching::max_queue_delay_microseconds"
I0916 05:52:01.602843 1 model_config_utils.cc:1943] "\tModelConfig::dynamic_batching::priority_levels"
I0916 05:52:01.602851 1 model_config_utils.cc:1943] "\tModelConfig::dynamic_batching::priority_queue_policy::key"
I0916 05:52:01.602858 1 model_config_utils.cc:1943] "\tModelConfig::dynamic_batching::priority_queue_policy::value::default_timeout_microseconds"
I0916 05:52:01.602866 1 model_config_utils.cc:1943] "\tModelConfig::ensemble_scheduling::step::model_version"
I0916 05:52:01.602872 1 model_config_utils.cc:1943] "\tModelConfig::input::dims"
I0916 05:52:01.602880 1 model_config_utils.cc:1943] "\tModelConfig::input::reshape::shape"
I0916 05:52:01.602887 1 model_config_utils.cc:1943] "\tModelConfig::instance_group::secondary_devices::device_id"
I0916 05:52:01.602894 1 model_config_utils.cc:1943] "\tModelConfig::model_warmup::inputs::value::dims"
I0916 05:52:01.602901 1 model_config_utils.cc:1943] "\tModelConfig::optimization::cuda::graph_spec::graph_lower_bound::input::value::dim"
I0916 05:52:01.602908 1 model_config_utils.cc:1943] "\tModelConfig::optimization::cuda::graph_spec::input::value::dim"
I0916 05:52:01.602915 1 model_config_utils.cc:1943] "\tModelConfig::output::dims"
I0916 05:52:01.602921 1 model_config_utils.cc:1943] "\tModelConfig::output::reshape::shape"
I0916 05:52:01.602927 1 model_config_utils.cc:1943] "\tModelConfig::sequence_batching::direct::max_queue_delay_microseconds"
I0916 05:52:01.602936 1 model_config_utils.cc:1943] "\tModelConfig::sequence_batching::max_sequence_idle_microseconds"
I0916 05:52:01.602943 1 model_config_utils.cc:1943] "\tModelConfig::sequence_batching::oldest::max_queue_delay_microseconds"
I0916 05:52:01.602950 1 model_config_utils.cc:1943] "\tModelConfig::sequence_batching::state::dims"
I0916 05:52:01.602957 1 model_config_utils.cc:1943] "\tModelConfig::sequence_batching::state::initial_state::dims"
I0916 05:52:01.602964 1 model_config_utils.cc:1943] "\tModelConfig::version_policy::specific::versions"
I0916 05:52:01.603217 1 onnxruntime.cc:984] "skipping model configuration auto-complete for 'rtdetr': inputs and outputs already specified"
I0916 05:52:01.604458 1 onnxruntime.cc:3051] "TRITONBACKEND_ModelInstanceInitialize: rtdetr_0_0 (GPU device 0)"
I0916 05:52:01.608352 1 backend_model_instance.cc:106] "Creating instance rtdetr_0_0 on GPU 0 (9.0) using artifact 'model.onnx'"
I0916 05:52:01.692295 1 onnxruntime.cc:869] "CUDA Execution Accelerator is set for 'rtdetr' on device 0 with options: sdpa_kernel=0;use_tf32=1;use_ep_level_unified_stream=0;device_id=0;tunable_op_max_tuning_duration_ms=0;has_user_compute_stream=1;cudnn_conv_algo_search=EXHAUSTIVE;cudnn_conv1d_pad_to_nc1d=0;gpu_mem_limit=18446744073709551615;arena_extend_strategy=kNextPowerOfTwo;do_copy_in_default_stream=1;user_compute_stream=23446226645440;cudnn_conv_use_max_workspace=1;tunable_op_enable=0;tunable_op_tuning_enable=0;prefer_nhwc=0"
2025-09-16 05:52:01.692422120 [I:onnxruntime:, inference_session.cc:583 TraceSessionOptions] Session Options {  execution_mode:0 execution_order:DEFAULT enable_profiling:0 optimized_model_filepath:"" enable_mem_pattern:1 enable_mem_reuse:1 enable_cpu_mem_arena:1 profile_file_prefix:onnxruntime_profile_ session_logid: session_log_severity_level:-1 session_log_verbosity_level:0 max_num_graph_transformation_steps:10 graph_optimization_level:3 intra_op_param:OrtThreadPoolParams { thread_pool_size: 0 auto_set_affinity: 0 allow_spinning: 1 dynamic_block_base_: 0 stack_size: 0 affinity_str:  set_denormal_as_zero: 0 } inter_op_param:OrtThreadPoolParams { thread_pool_size: 0 auto_set_affinity: 0 allow_spinning: 1 dynamic_block_base_: 0 stack_size: 0 affinity_str:  set_denormal_as_zero: 0 } use_per_session_threads:1 thread_pool_allow_spinning:1 use_deterministic_compute:0 config_options: {  } }
2025-09-16 05:52:01.692463354 [I:onnxruntime:, inference_session.cc:483 operator()] Flush-to-zero and denormal-as-zero are off
2025-09-16 05:52:01.692475803 [I:onnxruntime:, inference_session.cc:491 ConstructorCommon] Creating and using per session threadpools since use_per_session_threads_ is true
2025-09-16 05:52:01.692486466 [I:onnxruntime:, inference_session.cc:509 ConstructorCommon] Dynamic block base set to 0
[1;31m2025-09-16 05:52:01.695996235 [E:onnxruntime:log, env.cc:234 ThreadMain] pthread_setaffinity_np failed for thread: 119, index: 1, mask: {2, 114, }, error code: 22 error msg: Invalid argument. Specify the number of threads explicitly so the affinity is not set.[m
[1;31m2025-09-16 05:52:01.696255770 [E:onnxruntime:log, env.cc:234 ThreadMain] pthread_setaffinity_np failed for thread: 118, index: 0, mask: {1, 113, }, error code: 22 error msg: Invalid argument. Specify the number of threads explicitly so the affinity is not set.[m
[1;31m2025-09-16 05:52:01.696794625 [E:onnxruntime:log, env.cc:234 ThreadMain] pthread_setaffinity_np failed for thread: 120, index: 2, mask: {3, 115, }, error code: 22 error msg: Invalid argument. Specify the number of threads explicitly so the affinity is not set.[m
[1;31m2025-09-16 05:52:01.701551831 [E:onnxruntime:log, env.cc:234 ThreadMain] pthread_setaffinity_np failed for thread: 148, index: 30, mask: {31, 143, }, error code: 22 error msg: Invalid argument. Specify the number of threads explicitly so the affinity is not set.[m
[1;31m2025-09-16 05:52:01.701917878 [E:onnxruntime:log, env.cc:234 ThreadMain] pthread_setaffinity_np failed for thread: 121, index: 3, mask: {4, 116, }, error code: 22 error msg: Invalid argument. Specify the number of threads explicitly so the affinity is not set.[m
[1;31m2025-09-16 05:52:01.705574442 [E:onnxruntime:log, env.cc:234 ThreadMain] pthread_setaffinity_np failed for thread: 134, index: 16, mask: {17, 129, }, error code: 22 error msg: Invalid argument. Specify the number of threads explicitly so the affinity is not set.[m
[1;31m2025-09-16 05:52:01.705774473 [E:onnxruntime:log, env.cc:234 ThreadMain] pthread_setaffinity_np failed for thread: 225, index: 107, mask: {108, 220, }, error code: 22 error msg: Invalid argument. Specify the number of threads explicitly so the affinity is not set.[m
[1;31m2025-09-16 05:52:01.705979912 [E:onnxruntime:log, env.cc:234 ThreadMain] pthread_setaffinity_np failed for thread: 226, index: 108, mask: {109, 221, }, error code: 22 error msg: Invalid argument. Specify the number of threads explicitly so the affinity is not set.[m
[1;31m2025-09-16 05:52:01.705658686 [E:onnxruntime:log, env.cc:234 ThreadMain] pthread_setaffinity_np failed for thread: 156, index: 38, mask: {39, 151, }, error code: 22 error msg: Invalid argument. Specify the number of threads explicitly so the affinity is not set.[m
[1;31m2025-09-16 05:52:01.709627987 [E:onnxruntime:log, env.cc:234 ThreadMain] pthread_setaffinity_np failed for thread: 157, index: 39, mask: {40, 152, }, error code: 22 error msg: Invalid argument. Specify the number of threads explicitly so the affinity is not set.[m
[1;31m2025-09-16 05:52:01.713511535 [E:onnxruntime:log, env.cc:234 ThreadMain] pthread_setaffinity_np failed for thread: 149, index: 31, mask: {32, 144, }, error code: 22 error msg: Invalid argument. Specify the number of threads explicitly so the affinity is not set.[m
[1;31m2025-09-16 05:52:01.705619452 [E:onnxruntime:log, env.cc:234 ThreadMain] pthread_setaffinity_np failed for thread: 124, index: 6, mask: {7, 119, }, error code: 22 error msg: Invalid argument. Specify the number of threads explicitly so the affinity is not set.[m
[1;31m2025-09-16 05:52:01.709606413 [E:onnxruntime:log, env.cc:234 ThreadMain] pthread_setaffinity_np failed for thread: 173, index: 55, mask: {56, 168, }, error code: 22 error msg: Invalid argument. Specify the number of threads explicitly so the affinity is not set.[m
[1;31m2025-09-16 05:52:01.709623282 [E:onnxruntime:log, env.cc:234 ThreadMain] pthread_setaffinity_np failed for thread: 138, index: 20, mask: {21, 133, }, error code: 22 error msg: Invalid argument. Specify the number of threads explicitly so the affinity is not set.[m
[1;31m2025-09-16 05:52:01.709651893 [E:onnxruntime:log, env.cc:234 ThreadMain] pthread_setaffinity_np failed for thread: 159, index: 41, mask: {42, 154, }, error code: 22 error msg: Invalid argument. Specify the number of threads explicitly so the affinity is not set.[m
[1;31m2025-09-16 05:52:01.709659900 [E:onnxruntime:log, env.cc:234 ThreadMain] pthread_setaffinity_np failed for thread: 175, index: 57, mask: {58, 170, }, error code: 22 error msg: Invalid argument. Specify the number of threads explicitly so the affinity is not set.[m
2025-09-16 05:52:01.705721705 [V:onnxruntime:log, env.cc:227 ThreadMain] pthread_setaffinity_np succeed for thread: 126, index: 8, mask: {9, 121, }
[1;31m2025-09-16 05:52:01.709687223 [E:onnxruntime:log, env.cc:234 ThreadMain] pthread_setaffinity_np failed for thread: 160, index: 42, mask: {43, 155, }, error code: 22 error msg: Invalid argument. Specify the number of threads explicitly so the affinity is not set.[m
[1;31m2025-09-16 05:52:01.709709873 [E:onnxruntime:log, env.cc:234 ThreadMain] pthread_setaffinity_np failed for thread: 176, index: 58, mask: {59, 171, }, error code: 22 error msg: Invalid argument. Specify the number of threads explicitly so the affinity is not set.[m
[1;31m2025-09-16 05:52:01.709723346 [E:onnxruntime:log, env.cc:234 ThreadMain] pthread_setaffinity_np failed for thread: 162, index: 44, mask: {45, 157, }, error code: 22 error msg: Invalid argument. Specify the number of threads explicitly so the affinity is not set.[m
[1;31m2025-09-16 05:52:01.709740114 [E:onnxruntime:log, env.cc:234 ThreadMain] pthread_setaffinity_np failed for thread: 177, index: 59, mask: {60, 172, }, error code: 22 error msg: Invalid argument. Specify the number of threads explicitly so the affinity is not set.[m
2025-09-16 05:52:01.705736222 [V:onnxruntime:log, env.cc:227 ThreadMain] pthread_setaffinity_np succeed for thread: 127, index: 9, mask: {10, 122, }
[1;31m2025-09-16 05:52:01.709562572 [E:onnxruntime:log, env.cc:234 ThreadMain] pthread_setaffinity_np failed for thread: 171, index: 53, mask: {54, 166, }, error code: 22 error msg: Invalid argument. Specify the number of threads explicitly so the affinity is not set.[m
[1;31m2025-09-16 05:52:01.709597517 [E:onnxruntime:log, env.cc:234 ThreadMain] pthread_setaffinity_np failed for thread: 133, index: 15, mask: {16, 128, }, error code: 22 error msg: Invalid argument. Specify the number of threads explicitly so the affinity is not set.[m
[1;31m2025-09-16 05:52:01.709563338 [E:onnxruntime:log, env.cc:234 ThreadMain] pthread_setaffinity_np failed for thread: 137, index: 19, mask: {20, 132, }, error code: 22 error msg: Invalid argument. Specify the number of threads explicitly so the affinity is not set.[m
[1;31m2025-09-16 05:52:01.709889287 [E:onnxruntime:log, env.cc:234 ThreadMain] pthread_setaffinity_np failed for thread: 188, index: 70, mask: {71, 183, }, error code: 22 error msg: Invalid argument. Specify the number of threads explicitly so the affinity is not set.[m
[1;31m2025-09-16 05:52:01.705759155 [E:onnxruntime:log, env.cc:234 ThreadMain] pthread_setaffinity_np failed for thread: 158, index: 40, mask: {41, 153, }, error code: 22 error msg: Invalid argument. Specify the number of threads explicitly so the affinity is not set.[m
[1;31m2025-09-16 05:52:01.709835798 [E:onnxruntime:log, env.cc:234 ThreadMain] pthread_setaffinity_np failed for thread: 170, index: 52, mask: {53, 165, }, error code: 22 error msg: Invalid argument. Specify the number of threads explicitly so the affinity is not set.[m
[1;31m2025-09-16 05:52:01.709772300 [E:onnxruntime:log, env.cc:234 ThreadMain] pthread_setaffinity_np failed for thread: 164, index: 46, mask: {47, 159, }, error code: 22 error msg: Invalid argument. Specify the number of threads explicitly so the affinity is not set.[m
[1;31m2025-09-16 05:52:01.709766369 [E:onnxruntime:log, env.cc:234 ThreadMain] pthread_setaffinity_np failed for thread: 132, index: 14, mask: {15, 127, }, error code: 22 error msg: Invalid argument. Specify the number of threads explicitly so the affinity is not set.[m
[1;31m2025-09-16 05:52:01.709904603 [E:onnxruntime:log, env.cc:234 ThreadMain] pthread_setaffinity_np failed for thread: 189, index: 71, mask: {72, 184, }, error code: 22 error msg: Invalid argument. Specify the number of threads explicitly so the affinity is not set.[m
[1;31m2025-09-16 05:52:01.710141602 [E:onnxruntime:log, env.cc:234 ThreadMain] pthread_setaffinity_np failed for thread: 214, index: 96, mask: {97, 209, }, error code: 22 error msg: Invalid argument. Specify the number of threads explicitly so the affinity is not set.[m
[1;31m2025-09-16 05:52:01.709780675 [E:onnxruntime:log, env.cc:234 ThreadMain] pthread_setaffinity_np failed for thread: 142, index: 24, mask: {25, 137, }, error code: 22 error msg: Invalid argument. Specify the number of threads explicitly so the affinity is not set.[m
[1;31m2025-09-16 05:52:01.709769914 [E:onnxruntime:log, env.cc:234 ThreadMain] pthread_setaffinity_np failed for thread: 153, index: 35, mask: {36, 148, }, error code: 22 error msg: Invalid argument. Specify the number of threads explicitly so the affinity is not set.[m
[1;31m2025-09-16 05:52:01.710008838 [E:onnxruntime:log, env.cc:234 ThreadMain] pthread_setaffinity_np failed for thread: 204, index: 86, mask: {87, 199, }, error code: 22 error msg: Invalid argument. Specify the number of threads explicitly so the affinity is not set.[m
[1;31m2025-09-16 05:52:01.709955473 [E:onnxruntime:log, env.cc:234 ThreadMain] pthread_setaffinity_np failed for thread: 193, index: 75, mask: {76, 188, }, error code: 22 error msg: Invalid argument. Specify the number of threads explicitly so the affinity is not set.[m
[1;31m2025-09-16 05:52:01.709816924 [E:onnxruntime:log, env.cc:234 ThreadMain] pthread_setaffinity_np failed for thread: 167, index: 49, mask: {50, 162, }, error code: 22 error msg: Invalid argument. Specify the number of threads explicitly so the affinity is not set.[m
[1;31m2025-09-16 05:52:01.709994286 [E:onnxruntime:log, env.cc:234 ThreadMain] pthread_setaffinity_np failed for thread: 203, index: 85, mask: {86, 198, }, error code: 22 error msg: Invalid argument. Specify the number of threads explicitly so the affinity is not set.[m
[1;31m2025-09-16 05:52:01.710004985 [E:onnxruntime:log, env.cc:234 ThreadMain] pthread_setaffinity_np failed for thread: 216, index: 98, mask: {99, 211, }, error code: 22 error msg: Invalid argument. Specify the number of threads explicitly so the affinity is not set.[m
[1;31m2025-09-16 05:52:01.709587057 [E:onnxruntime:log, env.cc:234 ThreadMain] pthread_setaffinity_np failed for thread: 172, index: 54, mask: {55, 167, }, error code: 22 error msg: Invalid argument. Specify the number of threads explicitly so the affinity is not set.[m
[1;31m2025-09-16 05:52:01.709875066 [E:onnxruntime:log, env.cc:234 ThreadMain] pthread_setaffinity_np failed for thread: 187, index: 69, mask: {70, 182, }, error code: 22 error msg: Invalid argument. Specify the number of threads explicitly so the affinity is not set.[m
[1;31m2025-09-16 05:52:01.709793687 [E:onnxruntime:log, env.cc:234 ThreadMain] pthread_setaffinity_np failed for thread: 224, index: 106, mask: {107, 219, }, error code: 22 error msg: Invalid argument. Specify the number of threads explicitly so the affinity is not set.[m
[1;31m2025-09-16 05:52:01.710178145 [E:onnxruntime:log, env.cc:234 ThreadMain] pthread_setaffinity_np failed for thread: 145, index: 27, mask: {28, 140, }, error code: 22 error msg: Invalid argument. Specify the number of threads explicitly so the affinity is not set.[m
[1;31m2025-09-16 05:52:01.709859777 [E:onnxruntime:log, env.cc:234 ThreadMain] pthread_setaffinity_np failed for thread: 186, index: 68, mask: {69, 181, }, error code: 22 error msg: Invalid argument. Specify the number of threads explicitly so the affinity is not set.[m
[1;31m2025-09-16 05:52:01.710038612 [E:onnxruntime:log, env.cc:234 ThreadMain] pthread_setaffinity_np failed for thread: 206, index: 88, mask: {89, 201, }, error code: 22 error msg: Invalid argument. Specify the number of threads explicitly so the affinity is not set.[m
[1;31m2025-09-16 05:52:01.710023884 [E:onnxruntime:log, env.cc:234 ThreadMain] pthread_setaffinity_np failed for thread: 205, index: 87, mask: {88, 200, }, error code: 22 error msg: Invalid argument. Specify the number of threads explicitly so the affinity is not set.[m
[1;31m2025-09-16 05:52:01.709828706 [E:onnxruntime:log, env.cc:234 ThreadMain] pthread_setaffinity_np failed for thread: 182, index: 64, mask: {65, 177, }, error code: 22 error msg: Invalid argument. Specify the number of threads explicitly so the affinity is not set.[m
[1;31m2025-09-16 05:52:01.709881867 [E:onnxruntime:log, env.cc:234 ThreadMain] pthread_setaffinity_np failed for thread: 135, index: 17, mask: {18, 130, }, error code: 22 error msg: Invalid argument. Specify the number of threads explicitly so the affinity is not set.[m
[1;31m2025-09-16 05:52:01.710128147 [E:onnxruntime:log, env.cc:234 ThreadMain] pthread_setaffinity_np failed for thread: 213, index: 95, mask: {96, 208, }, error code: 22 error msg: Invalid argument. Specify the number of threads explicitly so the affinity is not set.[m
[1;31m2025-09-16 05:52:01.709895122 [E:onnxruntime:log, env.cc:234 ThreadMain] pthread_setaffinity_np failed for thread: 136, index: 18, mask: {19, 131, }, error code: 22 error msg: Invalid argument. Specify the number of threads explicitly so the affinity is not set.[m
[1;31m2025-09-16 05:52:01.709817359 [E:onnxruntime:log, env.cc:234 ThreadMain] pthread_setaffinity_np failed for thread: 161, index: 43, mask: {44, 156, }, error code: 22 error msg: Invalid argument. Specify the number of threads explicitly so the affinity is not set.[m
[1;31m2025-09-16 05:52:01.709953602 [E:onnxruntime:log, env.cc:234 ThreadMain] pthread_setaffinity_np failed for thread: 154, index: 36, mask: {37, 149, }, error code: 22 error msg: Invalid argument. Specify the number of threads explicitly so the affinity is not set.[m
[1;31m2025-09-16 05:52:01.709609129 [E:onnxruntime:log, env.cc:234 ThreadMain] pthread_setaffinity_np failed for thread: 155, index: 37, mask: {38, 150, }, error code: 22 error msg: Invalid argument. Specify the number of threads explicitly so the affinity is not set.[m
[1;31m2025-09-16 05:52:01.713491984 [E:onnxruntime:log, env.cc:234 ThreadMain] pthread_setaffinity_np failed for thread: 139, index: 21, mask: {22, 134, }, error code: 22 error msg: Invalid argument. Specify the number of threads explicitly so the affinity is not set.[m
[1;31m2025-09-16 05:52:01.709812872 [E:onnxruntime:log, env.cc:234 ThreadMain] pthread_setaffinity_np failed for thread: 181, index: 63, mask: {64, 176, }, error code: 22 error msg: Invalid argument. Specify the number of threads explicitly so the affinity is not set.[m
[1;31m2025-09-16 05:52:01.709963484 [E:onnxruntime:log, env.cc:234 ThreadMain] pthread_setaffinity_np failed for thread: 201, index: 83, mask: {84, 196, }, error code: 22 error msg: Invalid argument. Specify the number of threads explicitly so the affinity is not set.[m
[1;31m2025-09-16 05:52:01.710053602 [E:onnxruntime:log, env.cc:234 ThreadMain] pthread_setaffinity_np failed for thread: 207, index: 89, mask: {90, 202, }, error code: 22 error msg: Invalid argument. Specify the number of threads explicitly so the affinity is not set.[m
[1;31m2025-09-16 05:52:01.709797074 [E:onnxruntime:log, env.cc:234 ThreadMain] pthread_setaffinity_np failed for thread: 180, index: 62, mask: {63, 175, }, error code: 22 error msg: Invalid argument. Specify the number of threads explicitly so the affinity is not set.[m
[1;31m2025-09-16 05:52:01.709895088 [E:onnxruntime:log, env.cc:234 ThreadMain] pthread_setaffinity_np failed for thread: 196, index: 78, mask: {79, 191, }, error code: 22 error msg: Invalid argument. Specify the number of threads explicitly so the affinity is not set.[m
[1;31m2025-09-16 05:52:01.717569380 [E:onnxruntime:log, env.cc:234 ThreadMain] pthread_setaffinity_np failed for thread: 185, index: 67, mask: {68, 180, }, error code: 22 error msg: Invalid argument. Specify the number of threads explicitly so the affinity is not set.[m
[1;31m2025-09-16 05:52:01.709988124 [E:onnxruntime:log, env.cc:234 ThreadMain] pthread_setaffinity_np failed for thread: 195, index: 77, mask: {78, 190, }, error code: 22 error msg: Invalid argument. Specify the number of threads explicitly so the affinity is not set.[m
[1;31m2025-09-16 05:52:01.717693291 [E:onnxruntime:log, env.cc:234 ThreadMain] pthread_setaffinity_np failed for thread: 178, index: 60, mask: {61, 173, }, error code: 22 error msg: Invalid argument. Specify the number of threads explicitly so the affinity is not set.[m
[1;31m2025-09-16 05:52:01.709978645 [E:onnxruntime:log, env.cc:234 ThreadMain] pthread_setaffinity_np failed for thread: 202, index: 84, mask: {85, 197, }, error code: 22 error msg: Invalid argument. Specify the number of threads explicitly so the affinity is not set.[m
[1;31m2025-09-16 05:52:01.710069202 [E:onnxruntime:log, env.cc:234 ThreadMain] pthread_setaffinity_np failed for thread: 208, index: 90, mask: {91, 203, }, error code: 22 error msg: Invalid argument. Specify the number of threads explicitly so the affinity is not set.[m
[1;31m2025-09-16 05:52:01.713472175 [E:onnxruntime:log, env.cc:234 ThreadMain] pthread_setaffinity_np failed for thread: 150, index: 32, mask: {33, 145, }, error code: 22 error msg: Invalid argument. Specify the number of threads explicitly so the affinity is not set.[m
[1;31m2025-09-16 05:52:01.721515059 [E:onnxruntime:log, env.cc:234 ThreadMain] pthread_setaffinity_np failed for thread: 209, index: 91, mask: {92, 204, }, error code: 22 error msg: Invalid argument. Specify the number of threads explicitly so the affinity is not set.[m
[1;31m2025-09-16 05:52:01.709866126 [E:onnxruntime:log, env.cc:234 ThreadMain] pthread_setaffinity_np failed for thread: 183, index: 65, mask: {66, 178, }, error code: 22 error msg: Invalid argument. Specify the number of threads explicitly so the affinity is not set.[m
[1;31m2025-09-16 05:52:01.710020222 [E:onnxruntime:log, env.cc:234 ThreadMain] pthread_setaffinity_np failed for thread: 217, index: 99, mask: {100, 212, }, error code: 22 error msg: Invalid argument. Specify the number of threads explicitly so the affinity is not set.[m
[1;31m2025-09-16 05:52:01.709852125 [E:onnxruntime:log, env.cc:234 ThreadMain] pthread_setaffinity_np failed for thread: 169, index: 51, mask: {52, 164, }, error code: 22 error msg: Invalid argument. Specify the number of threads explicitly so the affinity is not set.[m
[1;31m2025-09-16 05:52:01.741570140 [E:onnxruntime:log, env.cc:234 ThreadMain] pthread_setaffinity_np failed for thread: 141, index: 23, mask: {24, 136, }, error code: 22 error msg: Invalid argument. Specify the number of threads explicitly so the affinity is not set.[m
[1;31m2025-09-16 05:52:01.725506155 [E:onnxruntime:log, env.cc:234 ThreadMain] pthread_setaffinity_np failed for thread: 192, index: 74, mask: {75, 187, }, error code: 22 error msg: Invalid argument. Specify the number of threads explicitly so the affinity is not set.[m
[1;31m2025-09-16 05:52:01.725468741 [E:onnxruntime:log, env.cc:234 ThreadMain] pthread_setaffinity_np failed for thread: 190, index: 72, mask: {73, 185, }, error code: 22 error msg: Invalid argument. Specify the number of threads explicitly so the affinity is not set.[m
[1;31m2025-09-16 05:52:01.725487494 [E:onnxruntime:log, env.cc:234 ThreadMain] pthread_setaffinity_np failed for thread: 191, index: 73, mask: {74, 186, }, error code: 22 error msg: Invalid argument. Specify the number of threads explicitly so the affinity is not set.[m
[1;31m2025-09-16 05:52:01.717841767 [E:onnxruntime:log, env.cc:234 ThreadMain] pthread_setaffinity_np failed for thread: 199, index: 81, mask: {82, 194, }, error code: 22 error msg: Invalid argument. Specify the number of threads explicitly so the affinity is not set.[m
[1;31m2025-09-16 05:52:01.717854499 [E:onnxruntime:log, env.cc:234 ThreadMain] pthread_setaffinity_np failed for thread: 197, index: 79, mask: {80, 192, }, error code: 22 error msg: Invalid argument. Specify the number of threads explicitly so the affinity is not set.[m
[1;31m2025-09-16 05:52:01.729529014 [E:onnxruntime:log, env.cc:234 ThreadMain] pthread_setaffinity_np failed for thread: 221, index: 103, mask: {104, 216, }, error code: 22 error msg: Invalid argument. Specify the number of threads explicitly so the affinity is not set.[m
[1;31m2025-09-16 05:52:01.709972829 [E:onnxruntime:log, env.cc:234 ThreadMain] pthread_setaffinity_np failed for thread: 194, index: 76, mask: {77, 189, }, error code: 22 error msg: Invalid argument. Specify the number of threads explicitly so the affinity is not set.[m
[1;31m2025-09-16 05:52:01.709754184 [E:onnxruntime:log, env.cc:234 ThreadMain] pthread_setaffinity_np failed for thread: 163, index: 45, mask: {46, 158, }, error code: 22 error msg: Invalid argument. Specify the number of threads explicitly so the affinity is not set.[m
[1;31m2025-09-16 05:52:01.717826602 [E:onnxruntime:log, env.cc:234 ThreadMain] pthread_setaffinity_np failed for thread: 198, index: 80, mask: {81, 193, }, error code: 22 error msg: Invalid argument. Specify the number of threads explicitly so the affinity is not set.[m
[1;31m2025-09-16 05:52:01.710035514 [E:onnxruntime:log, env.cc:234 ThreadMain] pthread_setaffinity_np failed for thread: 218, index: 100, mask: {101, 213, }, error code: 22 error msg: Invalid argument. Specify the number of threads explicitly so the affinity is not set.[m
[1;31m2025-09-16 05:52:01.710066700 [E:onnxruntime:log, env.cc:234 ThreadMain] pthread_setaffinity_np failed for thread: 220, index: 102, mask: {103, 215, }, error code: 22 error msg: Invalid argument. Specify the number of threads explicitly so the affinity is not set.[m
[1;31m2025-09-16 05:52:01.721495190 [E:onnxruntime:log, env.cc:234 ThreadMain] pthread_setaffinity_np failed for thread: 215, index: 97, mask: {98, 210, }, error code: 22 error msg: Invalid argument. Specify the number of threads explicitly so the affinity is not set.[m
[1;31m2025-09-16 05:52:01.737488677 [E:onnxruntime:log, env.cc:234 ThreadMain] pthread_setaffinity_np failed for thread: 147, index: 29, mask: {30, 142, }, error code: 22 error msg: Invalid argument. Specify the number of threads explicitly so the affinity is not set.[m
[1;31m2025-09-16 05:52:01.733490159 [E:onnxruntime:log, env.cc:234 ThreadMain] pthread_setaffinity_np failed for thread: 123, index: 5, mask: {6, 118, }, error code: 22 error msg: Invalid argument. Specify the number of threads explicitly so the affinity is not set.[m
[1;31m2025-09-16 05:52:01.709835304 [E:onnxruntime:log, env.cc:234 ThreadMain] pthread_setaffinity_np failed for thread: 168, index: 50, mask: {51, 163, }, error code: 22 error msg: Invalid argument. Specify the number of threads explicitly so the affinity is not set.[m
[1;31m2025-09-16 05:52:01.721545628 [E:onnxruntime:log, env.cc:234 ThreadMain] pthread_setaffinity_np failed for thread: 210, index: 92, mask: {93, 205, }, error code: 22 error msg: Invalid argument. Specify the number of threads explicitly so the affinity is not set.[m
[1;31m2025-09-16 05:52:01.717880035 [E:onnxruntime:log, env.cc:234 ThreadMain] pthread_setaffinity_np failed for thread: 200, index: 82, mask: {83, 195, }, error code: 22 error msg: Invalid argument. Specify the number of threads explicitly so the affinity is not set.[m
[1;31m2025-09-16 05:52:01.721530272 [E:onnxruntime:log, env.cc:234 ThreadMain] pthread_setaffinity_np failed for thread: 212, index: 94, mask: {95, 207, }, error code: 22 error msg: Invalid argument. Specify the number of threads explicitly so the affinity is not set.[m
[1;31m2025-09-16 05:52:01.813550947 [E:onnxruntime:log, env.cc:234 ThreadMain] pthread_setaffinity_np failed for thread: 151, index: 33, mask: {34, 146, }, error code: 22 error msg: Invalid argument. Specify the number of threads explicitly so the affinity is not set.[m
[1;31m2025-09-16 05:52:01.717793708 [E:onnxruntime:log, env.cc:234 ThreadMain] pthread_setaffinity_np failed for thread: 166, index: 48, mask: {49, 161, }, error code: 22 error msg: Invalid argument. Specify the number of threads explicitly so the affinity is not set.[m
[1;31m2025-09-16 05:52:01.717809711 [E:onnxruntime:log, env.cc:234 ThreadMain] pthread_setaffinity_np failed for thread: 165, index: 47, mask: {48, 160, }, error code: 22 error msg: Invalid argument. Specify the number of threads explicitly so the affinity is not set.[m
[1;31m2025-09-16 05:52:01.709572559 [E:onnxruntime:log, env.cc:234 ThreadMain] pthread_setaffinity_np failed for thread: 152, index: 34, mask: {35, 147, }, error code: 22 error msg: Invalid argument. Specify the number of threads explicitly so the affinity is not set.[m
[1;31m2025-09-16 05:52:01.741552467 [E:onnxruntime:log, env.cc:234 ThreadMain] pthread_setaffinity_np failed for thread: 140, index: 22, mask: {23, 135, }, error code: 22 error msg: Invalid argument. Specify the number of threads explicitly so the affinity is not set.[m
[1;31m2025-09-16 05:52:01.721479471 [E:onnxruntime:log, env.cc:234 ThreadMain] pthread_setaffinity_np failed for thread: 211, index: 93, mask: {94, 206, }, error code: 22 error msg: Invalid argument. Specify the number of threads explicitly so the affinity is not set.[m
[1;31m2025-09-16 05:52:01.717706470 [E:onnxruntime:log, env.cc:234 ThreadMain] pthread_setaffinity_np failed for thread: 179, index: 61, mask: {62, 174, }, error code: 22 error msg: Invalid argument. Specify the number of threads explicitly so the affinity is not set.[m
[1;31m2025-09-16 05:52:01.733504914 [E:onnxruntime:log, env.cc:234 ThreadMain] pthread_setaffinity_np failed for thread: 129, index: 11, mask: {12, 124, }, error code: 22 error msg: Invalid argument. Specify the number of threads explicitly so the affinity is not set.[m
[1;31m2025-09-16 05:52:01.833474683 [E:onnxruntime:log, env.cc:234 ThreadMain] pthread_setaffinity_np failed for thread: 143, index: 25, mask: {26, 138, }, error code: 22 error msg: Invalid argument. Specify the number of threads explicitly so the affinity is not set.[m
[1;31m2025-09-16 05:52:01.825482484 [E:onnxruntime:log, env.cc:234 ThreadMain] pthread_setaffinity_np failed for thread: 184, index: 66, mask: {67, 179, }, error code: 22 error msg: Invalid argument. Specify the number of threads explicitly so the affinity is not set.[m
[1;31m2025-09-16 05:52:01.777493440 [E:onnxruntime:log, env.cc:234 ThreadMain] pthread_setaffinity_np failed for thread: 125, index: 7, mask: {8, 120, }, error code: 22 error msg: Invalid argument. Specify the number of threads explicitly so the affinity is not set.[m
[1;31m2025-09-16 05:52:01.710050427 [E:onnxruntime:log, env.cc:234 ThreadMain] pthread_setaffinity_np failed for thread: 219, index: 101, mask: {102, 214, }, error code: 22 error msg: Invalid argument. Specify the number of threads explicitly so the affinity is not set.[m
[1;31m2025-09-16 05:52:01.729488084 [E:onnxruntime:log, env.cc:234 ThreadMain] pthread_setaffinity_np failed for thread: 223, index: 105, mask: {106, 218, }, error code: 22 error msg: Invalid argument. Specify the number of threads explicitly so the affinity is not set.[m
[1;31m2025-09-16 05:52:01.741602394 [E:onnxruntime:log, env.cc:234 ThreadMain] pthread_setaffinity_np failed for thread: 128, index: 10, mask: {11, 123, }, error code: 22 error msg: Invalid argument. Specify the number of threads explicitly so the affinity is not set.[m
[1;31m2025-09-16 05:52:01.777730807 [E:onnxruntime:log, env.cc:234 ThreadMain] pthread_setaffinity_np failed for thread: 130, index: 12, mask: {13, 125, }, error code: 22 error msg: Invalid argument. Specify the number of threads explicitly so the affinity is not set.[m
[1;31m2025-09-16 05:52:01.733474397 [E:onnxruntime:log, env.cc:234 ThreadMain] pthread_setaffinity_np failed for thread: 122, index: 4, mask: {5, 117, }, error code: 22 error msg: Invalid argument. Specify the number of threads explicitly so the affinity is not set.[m
[1;31m2025-09-16 05:52:01.865486759 [E:onnxruntime:log, env.cc:234 ThreadMain] pthread_setaffinity_np failed for thread: 131, index: 13, mask: {14, 126, }, error code: 22 error msg: Invalid argument. Specify the number of threads explicitly so the affinity is not set.[m
[1;31m2025-09-16 05:52:01.729507363 [E:onnxruntime:log, env.cc:234 ThreadMain] pthread_setaffinity_np failed for thread: 222, index: 104, mask: {105, 217, }, error code: 22 error msg: Invalid argument. Specify the number of threads explicitly so the affinity is not set.[m
[1;31m2025-09-16 05:52:01.837541482 [E:onnxruntime:log, env.cc:234 ThreadMain] pthread_setaffinity_np failed for thread: 228, index: 110, mask: {111, 223, }, error code: 22 error msg: Invalid argument. Specify the number of threads explicitly so the affinity is not set.[m
[1;31m2025-09-16 05:52:01.745481532 [E:onnxruntime:log, env.cc:234 ThreadMain] pthread_setaffinity_np failed for thread: 144, index: 26, mask: {27, 139, }, error code: 22 error msg: Invalid argument. Specify the number of threads explicitly so the affinity is not set.[m
[1;31m2025-09-16 05:52:01.805472963 [E:onnxruntime:log, env.cc:234 ThreadMain] pthread_setaffinity_np failed for thread: 227, index: 109, mask: {110, 222, }, error code: 22 error msg: Invalid argument. Specify the number of threads explicitly so the affinity is not set.[m
[1;31m2025-09-16 05:52:01.709786737 [E:onnxruntime:log, env.cc:234 ThreadMain] pthread_setaffinity_np failed for thread: 146, index: 28, mask: {29, 141, }, error code: 22 error msg: Invalid argument. Specify the number of threads explicitly so the affinity is not set.[m
[1;31m2025-09-16 05:52:01.709642703 [E:onnxruntime:log, env.cc:234 ThreadMain] pthread_setaffinity_np failed for thread: 174, index: 56, mask: {57, 169, }, error code: 22 error msg: Invalid argument. Specify the number of threads explicitly so the affinity is not set.[m
2025-09-16 05:52:03.050250373 [I:onnxruntime:, inference_session.cc:1661 Initialize] Initializing session.
2025-09-16 05:52:03.050276893 [I:onnxruntime:, inference_session.cc:1698 Initialize] Adding default CPU execution provider.
2025-09-16 05:52:03.050308994 [I:onnxruntime:log, bfc_arena.cc:29 BFCArena] Creating BFCArena for Cuda with following configs: initial_chunk_size_bytes: 1048576 max_dead_bytes_per_chunk: 134217728 initial_growth_chunk_size_bytes: 2097152 max_power_of_two_extend_bytes: 1073741824 memory limit: 18446744073709551615 arena_extend_strategy: 0
2025-09-16 05:52:03.050317465 [V:onnxruntime:log, bfc_arena.cc:66 BFCArena] Creating 21 bins of max chunk size 256 to 268435456
2025-09-16 05:52:03.050325077 [I:onnxruntime:log, bfc_arena.cc:29 BFCArena] Creating BFCArena for CudaPinned with following configs: initial_chunk_size_bytes: 1048576 max_dead_bytes_per_chunk: 134217728 initial_growth_chunk_size_bytes: 2097152 max_power_of_two_extend_bytes: 1073741824 memory limit: 18446744073709551615 arena_extend_strategy: 0
2025-09-16 05:52:03.050329825 [V:onnxruntime:log, bfc_arena.cc:66 BFCArena] Creating 21 bins of max chunk size 256 to 268435456
2025-09-16 05:52:03.050341953 [I:onnxruntime:log, bfc_arena.cc:29 BFCArena] Creating BFCArena for Cpu with following configs: initial_chunk_size_bytes: 1048576 max_dead_bytes_per_chunk: 134217728 initial_growth_chunk_size_bytes: 2097152 max_power_of_two_extend_bytes: 1073741824 memory limit: 18446744073709551615 arena_extend_strategy: 0
2025-09-16 05:52:03.050345490 [V:onnxruntime:log, bfc_arena.cc:66 BFCArena] Creating 21 bins of max chunk size 256 to 268435456
2025-09-16 05:52:03.053587699 [I:onnxruntime:, graph_partitioner.cc:898 InlineFunctionsAOT] This model does not have any local functions defined. AOT Inlining is not performed
2025-09-16 05:52:03.054173082 [I:onnxruntime:, graph_transformer.cc:15 Apply] GraphTransformer EnsureUniqueDQForNodeUnit modified: 0 with status: OK
2025-09-16 05:52:03.054811336 [I:onnxruntime:, graph_transformer.cc:15 Apply] GraphTransformer Level1_RuleBasedTransformer modified: 0 with status: OK
2025-09-16 05:52:03.055111770 [I:onnxruntime:, graph_transformer.cc:15 Apply] GraphTransformer DoubleQDQPairsRemover modified: 0 with status: OK
2025-09-16 05:52:03.055868171 [I:onnxruntime:, graph_transformer.cc:15 Apply] GraphTransformer ConstantSharing modified: 0 with status: OK
2025-09-16 05:52:03.057948678 [I:onnxruntime:, graph_transformer.cc:15 Apply] GraphTransformer CommonSubexpressionElimination modified: 0 with status: OK
2025-09-16 05:52:03.058597587 [I:onnxruntime:, graph_transformer.cc:15 Apply] GraphTransformer ConstantFolding modified: 0 with status: OK
2025-09-16 05:52:03.058880339 [I:onnxruntime:, graph_transformer.cc:15 Apply] GraphTransformer MatMulAddFusion modified: 0 with status: OK
2025-09-16 05:52:03.059186520 [I:onnxruntime:, graph_transformer.cc:15 Apply] GraphTransformer ReshapeFusion modified: 0 with status: OK
2025-09-16 05:52:03.059200500 [I:onnxruntime:, graph_transformer.cc:15 Apply] GraphTransformer FreeDimensionOverrideTransformer modified: 0 with status: OK
2025-09-16 05:52:03.059527003 [I:onnxruntime:, graph_transformer.cc:15 Apply] GraphTransformer QDQPropagationTransformer modified: 0 with status: OK
2025-09-16 05:52:03.059828455 [I:onnxruntime:, graph_transformer.cc:15 Apply] GraphTransformer EnsureUniqueDQForNodeUnit modified: 0 with status: OK
2025-09-16 05:52:03.060108173 [I:onnxruntime:, graph_transformer.cc:15 Apply] GraphTransformer RocmBlasAltImpl modified: 0 with status: OK
2025-09-16 05:52:03.064107601 [I:onnxruntime:, graph_transformer.cc:15 Apply] GraphTransformer TransposeOptimizer modified: 1 with status: OK
2025-09-16 05:52:03.074087765 [I:onnxruntime:, graph.cc:4264 CleanUnusedInitializersAndNodeArgs] Removing NodeArg 'Transpose_token_0_out0'. It is no longer used by any node.
2025-09-16 05:52:03.074125022 [I:onnxruntime:, graph.cc:4264 CleanUnusedInitializersAndNodeArgs] Removing NodeArg 'Transpose_out0'. It is no longer used by any node.
2025-09-16 05:52:03.074976836 [I:onnxruntime:, graph_transformer.cc:15 Apply] GraphTransformer Level1_RuleBasedTransformer modified: 0 with status: OK
2025-09-16 05:52:03.075276284 [I:onnxruntime:, graph_transformer.cc:15 Apply] GraphTransformer DoubleQDQPairsRemover modified: 0 with status: OK
2025-09-16 05:52:03.076813731 [I:onnxruntime:, graph_transformer.cc:15 Apply] GraphTransformer CommonSubexpressionElimination modified: 0 with status: OK
2025-09-16 05:52:03.077537690 [I:onnxruntime:, graph_transformer.cc:15 Apply] GraphTransformer ConstantFolding modified: 0 with status: OK
2025-09-16 05:52:03.077830125 [I:onnxruntime:, graph_transformer.cc:15 Apply] GraphTransformer MatMulAddFusion modified: 0 with status: OK
2025-09-16 05:52:03.078124419 [I:onnxruntime:, graph_transformer.cc:15 Apply] GraphTransformer ReshapeFusion modified: 0 with status: OK
2025-09-16 05:52:03.078134192 [I:onnxruntime:, graph_transformer.cc:15 Apply] GraphTransformer FreeDimensionOverrideTransformer modified: 0 with status: OK
2025-09-16 05:52:03.078439238 [I:onnxruntime:, graph_transformer.cc:15 Apply] GraphTransformer QDQPropagationTransformer modified: 0 with status: OK
2025-09-16 05:52:03.078747419 [I:onnxruntime:, graph_transformer.cc:15 Apply] GraphTransformer EnsureUniqueDQForNodeUnit modified: 0 with status: OK
2025-09-16 05:52:03.079014126 [I:onnxruntime:, graph_transformer.cc:15 Apply] GraphTransformer RocmBlasAltImpl modified: 0 with status: OK
2025-09-16 05:52:03.079403912 [I:onnxruntime:, cuda_execution_provider.cc:2517 GetCapability] CUDA kernel not found in registries for Op type: Pad node name: /model.0/Pad
2025-09-16 05:52:03.080357328 [I:onnxruntime:, cuda_execution_provider.cc:2517 GetCapability] CUDA kernel not found in registries for Op type: Resize node name: /model.13/Resize
2025-09-16 05:52:03.080545348 [I:onnxruntime:, cuda_execution_provider.cc:2517 GetCapability] CUDA kernel not found in registries for Op type: Resize node name: /model.18/Resize
2025-09-16 05:52:03.091861214 [I:onnxruntime:, graph_transformer.cc:15 Apply] GraphTransformer Level2_RuleBasedTransformer modified: 0 with status: OK
2025-09-16 05:52:03.092980254 [I:onnxruntime:, graph_transformer.cc:15 Apply] GraphTransformer TransposeOptimizer_CPUExecutionProvider modified: 0 with status: OK
2025-09-16 05:52:03.093236354 [I:onnxruntime:, graph_transformer.cc:15 Apply] GraphTransformer QDQS8ToU8Transformer modified: 0 with status: OK
2025-09-16 05:52:03.093584637 [I:onnxruntime:, graph_transformer.cc:15 Apply] GraphTransformer QDQSelectorActionTransformer modified: 0 with status: OK
2025-09-16 05:52:03.093895028 [I:onnxruntime:, graph_transformer.cc:15 Apply] GraphTransformer GemmActivationFusion modified: 0 with status: OK
2025-09-16 05:52:03.094194331 [I:onnxruntime:, graph_transformer.cc:15 Apply] GraphTransformer MatMulIntegerToFloatFusion modified: 0 with status: OK
2025-09-16 05:52:03.094480519 [I:onnxruntime:, graph_transformer.cc:15 Apply] GraphTransformer DynamicQuantizeMatMulFusion modified: 0 with status: OK
2025-09-16 05:52:03.094739059 [V:onnxruntime:, selector_action_transformer.cc:126 MatchAndProcess] Matched Conv
2025-09-16 05:52:03.094799753 [V:onnxruntime:, selector_action_transformer.cc:126 MatchAndProcess] Matched Conv
2025-09-16 05:52:03.094822944 [V:onnxruntime:, selector_action_transformer.cc:126 MatchAndProcess] Matched Conv
2025-09-16 05:52:03.094842387 [V:onnxruntime:, selector_action_transformer.cc:126 MatchAndProcess] Matched Conv
2025-09-16 05:52:03.094859346 [V:onnxruntime:, selector_action_transformer.cc:126 MatchAndProcess] Matched Conv
2025-09-16 05:52:03.094878931 [V:onnxruntime:, selector_action_transformer.cc:126 MatchAndProcess] Matched Conv
2025-09-16 05:52:03.094900131 [V:onnxruntime:, selector_action_transformer.cc:126 MatchAndProcess] Matched Conv
2025-09-16 05:52:03.094919026 [V:onnxruntime:, selector_action_transformer.cc:126 MatchAndProcess] Matched Conv
2025-09-16 05:52:03.094935915 [V:onnxruntime:, selector_action_transformer.cc:126 MatchAndProcess] Matched Conv
2025-09-16 05:52:03.094954273 [V:onnxruntime:, selector_action_transformer.cc:126 MatchAndProcess] Matched Conv
2025-09-16 05:52:03.094972850 [V:onnxruntime:, selector_action_transformer.cc:126 MatchAndProcess] Matched Conv
2025-09-16 05:52:03.094988097 [V:onnxruntime:, selector_action_transformer.cc:126 MatchAndProcess] Matched Conv
2025-09-16 05:52:03.095004430 [V:onnxruntime:, selector_action_transformer.cc:126 MatchAndProcess] Matched Conv
2025-09-16 05:52:03.095020583 [V:onnxruntime:, selector_action_transformer.cc:126 MatchAndProcess] Matched Conv
2025-09-16 05:52:03.095038583 [V:onnxruntime:, selector_action_transformer.cc:126 MatchAndProcess] Matched Conv
2025-09-16 05:52:03.095053187 [V:onnxruntime:, selector_action_transformer.cc:126 MatchAndProcess] Matched Conv
2025-09-16 05:52:03.095068802 [V:onnxruntime:, selector_action_transformer.cc:126 MatchAndProcess] Matched Conv
2025-09-16 05:52:03.095084137 [V:onnxruntime:, selector_action_transformer.cc:126 MatchAndProcess] Matched Conv
2025-09-16 05:52:03.095099466 [V:onnxruntime:, selector_action_transformer.cc:126 MatchAndProcess] Matched Conv
2025-09-16 05:52:03.095117019 [V:onnxruntime:, selector_action_transformer.cc:126 MatchAndProcess] Matched Conv
2025-09-16 05:52:03.095131807 [V:onnxruntime:, selector_action_transformer.cc:126 MatchAndProcess] Matched Conv
2025-09-16 05:52:03.095151398 [V:onnxruntime:, selector_action_transformer.cc:126 MatchAndProcess] Matched Conv
2025-09-16 05:52:03.095168782 [V:onnxruntime:, selector_action_transformer.cc:126 MatchAndProcess] Matched Conv
2025-09-16 05:52:03.095185046 [V:onnxruntime:, selector_action_transformer.cc:126 MatchAndProcess] Matched Conv
2025-09-16 05:52:03.095202375 [V:onnxruntime:, selector_action_transformer.cc:126 MatchAndProcess] Matched Conv
2025-09-16 05:52:03.095217165 [V:onnxruntime:, selector_action_transformer.cc:126 MatchAndProcess] Matched Conv
2025-09-16 05:52:03.095235343 [V:onnxruntime:, selector_action_transformer.cc:126 MatchAndProcess] Matched Conv
2025-09-16 05:52:03.095249846 [V:onnxruntime:, selector_action_transformer.cc:126 MatchAndProcess] Matched Conv
2025-09-16 05:52:03.095264791 [V:onnxruntime:, selector_action_transformer.cc:126 MatchAndProcess] Matched Conv
2025-09-16 05:52:03.095286990 [V:onnxruntime:, selector_action_transformer.cc:126 MatchAndProcess] Matched Conv
2025-09-16 05:52:03.095309079 [V:onnxruntime:, selector_action_transformer.cc:126 MatchAndProcess] Matched Conv
2025-09-16 05:52:03.095326496 [V:onnxruntime:, selector_action_transformer.cc:126 MatchAndProcess] Matched Conv
2025-09-16 05:52:03.095343271 [V:onnxruntime:, selector_action_transformer.cc:126 MatchAndProcess] Matched Conv
2025-09-16 05:52:03.095360618 [V:onnxruntime:, selector_action_transformer.cc:126 MatchAndProcess] Matched Conv
2025-09-16 05:52:03.095377039 [V:onnxruntime:, selector_action_transformer.cc:126 MatchAndProcess] Matched Conv
2025-09-16 05:52:03.095393369 [V:onnxruntime:, selector_action_transformer.cc:126 MatchAndProcess] Matched Conv
2025-09-16 05:52:03.095408679 [V:onnxruntime:, selector_action_transformer.cc:126 MatchAndProcess] Matched Conv
2025-09-16 05:52:03.095428661 [V:onnxruntime:, selector_action_transformer.cc:126 MatchAndProcess] Matched Conv
2025-09-16 05:52:03.095445624 [V:onnxruntime:, selector_action_transformer.cc:126 MatchAndProcess] Matched Conv
2025-09-16 05:52:03.095461430 [V:onnxruntime:, selector_action_transformer.cc:126 MatchAndProcess] Matched Conv
2025-09-16 05:52:03.095478476 [V:onnxruntime:, selector_action_transformer.cc:126 MatchAndProcess] Matched Conv
2025-09-16 05:52:03.095496113 [V:onnxruntime:, selector_action_transformer.cc:126 MatchAndProcess] Matched Conv
2025-09-16 05:52:03.095512962 [V:onnxruntime:, selector_action_transformer.cc:126 MatchAndProcess] Matched Conv
2025-09-16 05:52:03.095527965 [V:onnxruntime:, selector_action_transformer.cc:126 MatchAndProcess] Matched Conv
2025-09-16 05:52:03.095543252 [V:onnxruntime:, selector_action_transformer.cc:126 MatchAndProcess] Matched Conv
2025-09-16 05:52:03.095561383 [V:onnxruntime:, selector_action_transformer.cc:126 MatchAndProcess] Matched Conv
2025-09-16 05:52:03.095579922 [V:onnxruntime:, selector_action_transformer.cc:126 MatchAndProcess] Matched Conv
2025-09-16 05:52:03.095596297 [V:onnxruntime:, selector_action_transformer.cc:126 MatchAndProcess] Matched Conv
2025-09-16 05:52:03.095612589 [V:onnxruntime:, selector_action_transformer.cc:126 MatchAndProcess] Matched Conv
2025-09-16 05:52:03.095628236 [V:onnxruntime:, selector_action_transformer.cc:126 MatchAndProcess] Matched Conv
2025-09-16 05:52:03.095645834 [V:onnxruntime:, selector_action_transformer.cc:126 MatchAndProcess] Matched Conv
2025-09-16 05:52:03.095661575 [V:onnxruntime:, selector_action_transformer.cc:126 MatchAndProcess] Matched Conv
2025-09-16 05:52:03.095678136 [V:onnxruntime:, selector_action_transformer.cc:126 MatchAndProcess] Matched Conv
2025-09-16 05:52:03.095842842 [I:onnxruntime:, graph_transformer.cc:15 Apply] GraphTransformer ConvActivationFusion modified: 1 with status: OK
2025-09-16 05:52:03.106717038 [I:onnxruntime:, graph_transformer.cc:15 Apply] GraphTransformer GeluFusion modified: 1 with status: OK
2025-09-16 05:52:03.116542693 [I:onnxruntime:, graph.cc:4201 CleanUnusedInitializersAndNodeArgs] Removing initializer '/model.11/act/Constant_output_0'. It is no longer used by any node.
2025-09-16 05:52:03.117288169 [I:onnxruntime:, graph_transformer.cc:15 Apply] GraphTransformer LayerNormFusion modified: 0 with status: OK
2025-09-16 05:52:03.117575643 [I:onnxruntime:, graph_transformer.cc:15 Apply] GraphTransformer SimplifiedLayerNormFusion modified: 0 with status: OK
2025-09-16 05:52:03.117892051 [I:onnxruntime:, graph_transformer.cc:15 Apply] GraphTransformer AttentionFusion modified: 0 with status: OK
2025-09-16 05:52:03.118144357 [I:onnxruntime:, graph_transformer.cc:15 Apply] GraphTransformer EmbedLayerNormFusion modified: 0 with status: OK
2025-09-16 05:52:03.119609188 [I:onnxruntime:, graph_transformer.cc:15 Apply] GraphTransformer GatherSliceToSplitFusion modified: 1 with status: OK
2025-09-16 05:52:03.129736613 [I:onnxruntime:, graph.cc:4201 CleanUnusedInitializersAndNodeArgs] Removing initializer '/model.28/decoder/layers.0/cross_attn/Constant_29_output_0'. It is no longer used by any node.
2025-09-16 05:52:03.129767446 [I:onnxruntime:, graph.cc:4201 CleanUnusedInitializersAndNodeArgs] Removing initializer '/model.28/decoder/layers.0/cross_attn/Add_2_output_0'. It is no longer used by any node.
2025-09-16 05:52:03.129792942 [I:onnxruntime:, graph.cc:4201 CleanUnusedInitializersAndNodeArgs] Removing initializer '/model.28/decoder/layers.0/cross_attn/Constant_20_output_0'. It is no longer used by any node.
2025-09-16 05:52:03.129824860 [I:onnxruntime:, graph.cc:4201 CleanUnusedInitializersAndNodeArgs] Removing initializer '/model.28/decoder/layers.0/cross_attn/Unsqueeze_1_output_0'. It is no longer used by any node.
2025-09-16 05:52:03.129833944 [I:onnxruntime:, graph.cc:4201 CleanUnusedInitializersAndNodeArgs] Removing initializer '/model.28/decoder/layers.0/Constant_output_0'. It is no longer used by any node.
2025-09-16 05:52:03.129840709 [I:onnxruntime:, graph.cc:4201 CleanUnusedInitializersAndNodeArgs] Removing initializer '/model.28/decoder/layers.0/cross_attn/Constant_19_output_0'. It is no longer used by any node.
2025-09-16 05:52:03.129846900 [I:onnxruntime:, graph.cc:4201 CleanUnusedInitializersAndNodeArgs] Removing initializer '/model.28/decoder/layers.0/cross_attn/Constant_17_output_0'. It is no longer used by any node.
2025-09-16 05:52:03.129858028 [I:onnxruntime:, graph.cc:4201 CleanUnusedInitializersAndNodeArgs] Removing initializer '/model.28/decoder/layers.0/self_attn/Constant_6_output_0'. It is no longer used by any node.
2025-09-16 05:52:03.129866129 [I:onnxruntime:, graph.cc:4201 CleanUnusedInitializersAndNodeArgs] Removing initializer '/model.28/decoder/layers.0/self_attn/Constant_1_output_0'. It is no longer used by any node.
2025-09-16 05:52:03.129882317 [I:onnxruntime:, graph.cc:4201 CleanUnusedInitializersAndNodeArgs] Removing initializer '/model.28/decoder/layers.0/cross_attn/Add_1_output_0'. It is no longer used by any node.
2025-09-16 05:52:03.130575833 [I:onnxruntime:, graph_transformer.cc:15 Apply] GraphTransformer GatherToSliceFusion modified: 0 with status: OK
2025-09-16 05:52:03.131047471 [I:onnxruntime:, graph_transformer.cc:15 Apply] GraphTransformer MatmulTransposeFusion modified: 1 with status: OK
2025-09-16 05:52:03.141737429 [I:onnxruntime:, graph_transformer.cc:15 Apply] GraphTransformer BiasGeluFusion modified: 0 with status: OK
2025-09-16 05:52:03.142340882 [I:onnxruntime:, graph_transformer.cc:15 Apply] GraphTransformer SkipLayerNormFusion modified: 1 with status: OK
2025-09-16 05:52:03.153013474 [I:onnxruntime:, graph_transformer.cc:15 Apply] GraphTransformer FastGeluFusion modified: 0 with status: OK
2025-09-16 05:52:03.153577348 [I:onnxruntime:, graph_transformer.cc:15 Apply] GraphTransformer QuickGeluFusion modified: 1 with status: OK
2025-09-16 05:52:03.164041065 [I:onnxruntime:, graph_transformer.cc:15 Apply] GraphTransformer BiasSoftmaxFusion modified: 0 with status: OK
2025-09-16 05:52:03.164333378 [I:onnxruntime:, graph_transformer.cc:15 Apply] GraphTransformer BiasDropoutFusion modified: 0 with status: OK
2025-09-16 05:52:03.164789470 [I:onnxruntime:, graph_transformer.cc:15 Apply] GraphTransformer MatMulScaleFusion modified: 1 with status: OK
2025-09-16 05:52:03.174551231 [I:onnxruntime:, graph.cc:4201 CleanUnusedInitializersAndNodeArgs] Removing initializer '/model.11/ma/Constant_7_output_0'. It is no longer used by any node.
2025-09-16 05:52:03.175307273 [I:onnxruntime:, graph_transformer.cc:15 Apply] GraphTransformer MatMulActivationFusion modified: 0 with status: OK
2025-09-16 05:52:03.175564372 [I:onnxruntime:, graph_transformer.cc:15 Apply] GraphTransformer MatMulNBitsFusion modified: 0 with status: OK
2025-09-16 05:52:03.175859271 [I:onnxruntime:, graph_transformer.cc:15 Apply] GraphTransformer QDQFinalCleanupTransformer modified: 0 with status: OK
2025-09-16 05:52:03.176127809 [I:onnxruntime:, graph_transformer.cc:15 Apply] GraphTransformer Level2_RuleBasedTransformer modified: 0 with status: OK
2025-09-16 05:52:03.176388832 [I:onnxruntime:, graph_transformer.cc:15 Apply] GraphTransformer QDQS8ToU8Transformer modified: 0 with status: OK
2025-09-16 05:52:03.176634870 [I:onnxruntime:, graph_transformer.cc:15 Apply] GraphTransformer QDQSelectorActionTransformer modified: 0 with status: OK
2025-09-16 05:52:03.176900876 [I:onnxruntime:, graph_transformer.cc:15 Apply] GraphTransformer GemmActivationFusion modified: 0 with status: OK
2025-09-16 05:52:03.177137754 [I:onnxruntime:, graph_transformer.cc:15 Apply] GraphTransformer MatMulIntegerToFloatFusion modified: 0 with status: OK
2025-09-16 05:52:03.177393957 [I:onnxruntime:, graph_transformer.cc:15 Apply] GraphTransformer DynamicQuantizeMatMulFusion modified: 0 with status: OK
2025-09-16 05:52:03.177811565 [I:onnxruntime:, graph_transformer.cc:15 Apply] GraphTransformer ConvActivationFusion modified: 0 with status: OK
2025-09-16 05:52:03.178068066 [I:onnxruntime:, graph_transformer.cc:15 Apply] GraphTransformer GeluFusion modified: 0 with status: OK
2025-09-16 05:52:03.178339603 [I:onnxruntime:, graph_transformer.cc:15 Apply] GraphTransformer LayerNormFusion modified: 0 with status: OK
2025-09-16 05:52:03.178609012 [I:onnxruntime:, graph_transformer.cc:15 Apply] GraphTransformer SimplifiedLayerNormFusion modified: 0 with status: OK
2025-09-16 05:52:03.178866620 [I:onnxruntime:, graph_transformer.cc:15 Apply] GraphTransformer AttentionFusion modified: 0 with status: OK
2025-09-16 05:52:03.179113375 [I:onnxruntime:, graph_transformer.cc:15 Apply] GraphTransformer EmbedLayerNormFusion modified: 0 with status: OK
2025-09-16 05:52:03.179756323 [I:onnxruntime:, graph_transformer.cc:15 Apply] GraphTransformer GatherSliceToSplitFusion modified: 0 with status: OK
2025-09-16 05:52:03.180027788 [I:onnxruntime:, graph_transformer.cc:15 Apply] GraphTransformer GatherToSliceFusion modified: 0 with status: OK
2025-09-16 05:52:03.180394718 [I:onnxruntime:, graph_transformer.cc:15 Apply] GraphTransformer MatmulTransposeFusion modified: 1 with status: OK
2025-09-16 05:52:03.190795023 [I:onnxruntime:, graph_transformer.cc:15 Apply] GraphTransformer BiasGeluFusion modified: 0 with status: OK
2025-09-16 05:52:03.191080388 [I:onnxruntime:, graph_transformer.cc:15 Apply] GraphTransformer SkipLayerNormFusion modified: 0 with status: OK
2025-09-16 05:52:03.191423654 [I:onnxruntime:, graph_transformer.cc:15 Apply] GraphTransformer FastGeluFusion modified: 0 with status: OK
2025-09-16 05:52:03.191686815 [I:onnxruntime:, graph_transformer.cc:15 Apply] GraphTransformer QuickGeluFusion modified: 0 with status: OK
2025-09-16 05:52:03.191971541 [I:onnxruntime:, graph_transformer.cc:15 Apply] GraphTransformer BiasSoftmaxFusion modified: 0 with status: OK
2025-09-16 05:52:03.192240868 [I:onnxruntime:, graph_transformer.cc:15 Apply] GraphTransformer BiasDropoutFusion modified: 0 with status: OK
2025-09-16 05:52:03.192551761 [I:onnxruntime:, graph_transformer.cc:15 Apply] GraphTransformer MatMulScaleFusion modified: 0 with status: OK
2025-09-16 05:52:03.192813134 [I:onnxruntime:, graph_transformer.cc:15 Apply] GraphTransformer MatMulActivationFusion modified: 0 with status: OK
2025-09-16 05:52:03.193059903 [I:onnxruntime:, graph_transformer.cc:15 Apply] GraphTransformer MatMulNBitsFusion modified: 0 with status: OK
2025-09-16 05:52:03.193327200 [I:onnxruntime:, graph_transformer.cc:15 Apply] GraphTransformer QDQFinalCleanupTransformer modified: 0 with status: OK
2025-09-16 05:52:03.193627483 [I:onnxruntime:, graph_transformer.cc:15 Apply] GraphTransformer Level2_RuleBasedTransformer modified: 0 with status: OK
2025-09-16 05:52:03.193872402 [I:onnxruntime:, graph_transformer.cc:15 Apply] GraphTransformer QDQS8ToU8Transformer modified: 0 with status: OK
2025-09-16 05:52:03.194139658 [I:onnxruntime:, graph_transformer.cc:15 Apply] GraphTransformer QDQSelectorActionTransformer modified: 0 with status: OK
2025-09-16 05:52:03.194370398 [I:onnxruntime:, graph_transformer.cc:15 Apply] GraphTransformer GemmActivationFusion modified: 0 with status: OK
2025-09-16 05:52:03.194630081 [I:onnxruntime:, graph_transformer.cc:15 Apply] GraphTransformer MatMulIntegerToFloatFusion modified: 0 with status: OK
2025-09-16 05:52:03.194859820 [I:onnxruntime:, graph_transformer.cc:15 Apply] GraphTransformer DynamicQuantizeMatMulFusion modified: 0 with status: OK
2025-09-16 05:52:03.195256008 [I:onnxruntime:, graph_transformer.cc:15 Apply] GraphTransformer ConvActivationFusion modified: 0 with status: OK
2025-09-16 05:52:03.195526051 [I:onnxruntime:, graph_transformer.cc:15 Apply] GraphTransformer GeluFusion modified: 0 with status: OK
2025-09-16 05:52:03.195780141 [I:onnxruntime:, graph_transformer.cc:15 Apply] GraphTransformer LayerNormFusion modified: 0 with status: OK
2025-09-16 05:52:03.196012581 [I:onnxruntime:, graph_transformer.cc:15 Apply] GraphTransformer SimplifiedLayerNormFusion modified: 0 with status: OK
2025-09-16 05:52:03.196266155 [I:onnxruntime:, graph_transformer.cc:15 Apply] GraphTransformer AttentionFusion modified: 0 with status: OK
2025-09-16 05:52:03.196491488 [I:onnxruntime:, graph_transformer.cc:15 Apply] GraphTransformer EmbedLayerNormFusion modified: 0 with status: OK
2025-09-16 05:52:03.197126695 [I:onnxruntime:, graph_transformer.cc:15 Apply] GraphTransformer GatherSliceToSplitFusion modified: 0 with status: OK
2025-09-16 05:52:03.197394183 [I:onnxruntime:, graph_transformer.cc:15 Apply] GraphTransformer GatherToSliceFusion modified: 0 with status: OK
2025-09-16 05:52:03.197683266 [I:onnxruntime:, graph_transformer.cc:15 Apply] GraphTransformer MatmulTransposeFusion modified: 0 with status: OK
2025-09-16 05:52:03.197948633 [I:onnxruntime:, graph_transformer.cc:15 Apply] GraphTransformer BiasGeluFusion modified: 0 with status: OK
2025-09-16 05:52:03.198199895 [I:onnxruntime:, graph_transformer.cc:15 Apply] GraphTransformer SkipLayerNormFusion modified: 0 with status: OK
2025-09-16 05:52:03.198485696 [I:onnxruntime:, graph_transformer.cc:15 Apply] GraphTransformer FastGeluFusion modified: 0 with status: OK
2025-09-16 05:52:03.198752693 [I:onnxruntime:, graph_transformer.cc:15 Apply] GraphTransformer QuickGeluFusion modified: 0 with status: OK
2025-09-16 05:52:03.199002756 [I:onnxruntime:, graph_transformer.cc:15 Apply] GraphTransformer BiasSoftmaxFusion modified: 0 with status: OK
2025-09-16 05:52:03.199249767 [I:onnxruntime:, graph_transformer.cc:15 Apply] GraphTransformer BiasDropoutFusion modified: 0 with status: OK
2025-09-16 05:52:03.199561100 [I:onnxruntime:, graph_transformer.cc:15 Apply] GraphTransformer MatMulScaleFusion modified: 0 with status: OK
2025-09-16 05:52:03.199810657 [I:onnxruntime:, graph_transformer.cc:15 Apply] GraphTransformer MatMulActivationFusion modified: 0 with status: OK
2025-09-16 05:52:03.200046904 [I:onnxruntime:, graph_transformer.cc:15 Apply] GraphTransformer MatMulNBitsFusion modified: 0 with status: OK
2025-09-16 05:52:03.200318741 [I:onnxruntime:, graph_transformer.cc:15 Apply] GraphTransformer QDQFinalCleanupTransformer modified: 0 with status: OK
2025-09-16 05:52:03.200572081 [I:onnxruntime:, graph_transformer.cc:15 Apply] GraphTransformer NchwcTransformer modified: 0 with status: OK
2025-09-16 05:52:03.201099547 [I:onnxruntime:, graph_transformer.cc:15 Apply] GraphTransformer NhwcTransformer modified: 0 with status: OK
2025-09-16 05:52:03.201369039 [I:onnxruntime:, graph_transformer.cc:15 Apply] GraphTransformer ConvAddActivationFusion modified: 0 with status: OK
2025-09-16 05:52:03.201723690 [I:onnxruntime:, graph_transformer.cc:15 Apply] GraphTransformer RemoveDuplicateCastTransformer modified: 0 with status: OK
2025-09-16 05:52:03.201732629 [I:onnxruntime:, graph_transformer.cc:15 Apply] GraphTransformer CastFloat16Transformer modified: 0 with status: OK
2025-09-16 05:52:03.215484083 [I:onnxruntime:, transformer_memcpy.cc:329 AddCopyNode] Add MemcpyFromHost after /model.0/Pad_output_0 for CUDAExecutionProvider
2025-09-16 05:52:03.215526779 [I:onnxruntime:, transformer_memcpy.cc:329 AddCopyNode] Add MemcpyFromHost after /model.13/Resize_output_0 for CUDAExecutionProvider
2025-09-16 05:52:03.215546802 [I:onnxruntime:, transformer_memcpy.cc:329 AddCopyNode] Add MemcpyFromHost after /model.18/Resize_output_0 for CUDAExecutionProvider
2025-09-16 05:52:03.215564123 [I:onnxruntime:, transformer_memcpy.cc:329 AddCopyNode] Add MemcpyToHost before /model.0/stem1/act/Relu_output_0 for CUDAExecutionProvider
2025-09-16 05:52:03.215596040 [I:onnxruntime:, transformer_memcpy.cc:329 AddCopyNode] Add MemcpyToHost before /model.12/act/Mul_output_0 for CUDAExecutionProvider
2025-09-16 05:52:03.215617557 [I:onnxruntime:, transformer_memcpy.cc:329 AddCopyNode] Add MemcpyToHost before /model.17/act/Mul_output_0 for CUDAExecutionProvider
[0;93m2025-09-16 05:52:03.215940037 [W:onnxruntime:, transformer_memcpy.cc:74 ApplyImpl] 6 Memcpy nodes are added to the graph main_graph for CUDAExecutionProvider. It might have negative impact on performance (including unable to run CUDA graph). Set session_options.log_severity_level=1 to see the detail logs before this message.[m
2025-09-16 05:52:03.216177645 [I:onnxruntime:, graph_transformer.cc:15 Apply] GraphTransformer MemcpyTransformer modified: 1 with status: OK
2025-09-16 05:52:03.226979246 [V:onnxruntime:, session_state.cc:1146 VerifyEachNodeIsAssignedToAnEp] Node placements
2025-09-16 05:52:03.227008346 [V:onnxruntime:, session_state.cc:1152 VerifyEachNodeIsAssignedToAnEp]  Node(s) placed on [CUDAExecutionProvider]. Number of nodes: 892
2025-09-16 05:52:03.227015971 [V:onnxruntime:, session_state.cc:1154 VerifyEachNodeIsAssignedToAnEp]   MaxPool (/model.0/pool/MaxPool)
2025-09-16 05:52:03.227021376 [V:onnxruntime:, session_state.cc:1154 VerifyEachNodeIsAssignedToAnEp]   Concat (/model.0/Concat_2)
2025-09-16 05:52:03.227026305 [V:onnxruntime:, session_state.cc:1154 VerifyEachNodeIsAssignedToAnEp]   Concat (/model.1/Concat)
2025-09-16 05:52:03.227031584 [V:onnxruntime:, session_state.cc:1154 VerifyEachNodeIsAssignedToAnEp]   Conv (/model.2/conv/Conv)
2025-09-16 05:52:03.227036193 [V:onnxruntime:, session_state.cc:1154 VerifyEachNodeIsAssignedToAnEp]   Concat (/model.3/Concat)
2025-09-16 05:52:03.227040688 [V:onnxruntime:, session_state.cc:1154 VerifyEachNodeIsAssignedToAnEp]   Conv (/model.4/conv/Conv)
2025-09-16 05:52:03.227044783 [V:onnxruntime:, session_state.cc:1154 VerifyEachNodeIsAssignedToAnEp]   Conv (/model.19/conv/Conv)
2025-09-16 05:52:03.227049597 [V:onnxruntime:, session_state.cc:1154 VerifyEachNodeIsAssignedToAnEp]   Conv (/model.5/m.0/conv1/conv/Conv)
2025-09-16 05:52:03.227055119 [V:onnxruntime:, session_state.cc:1154 VerifyEachNodeIsAssignedToAnEp]   Conv (/model.5/m.1/conv1/conv/Conv)
2025-09-16 05:52:03.227060365 [V:onnxruntime:, session_state.cc:1154 VerifyEachNodeIsAssignedToAnEp]   Conv (/model.5/m.2/conv1/conv/Conv)
2025-09-16 05:52:03.227065849 [V:onnxruntime:, session_state.cc:1154 VerifyEachNodeIsAssignedToAnEp]   Conv (/model.5/m.3/conv1/conv/Conv)
2025-09-16 05:52:03.227071180 [V:onnxruntime:, session_state.cc:1154 VerifyEachNodeIsAssignedToAnEp]   Conv (/model.5/m.4/conv1/conv/Conv)
2025-09-16 05:52:03.227076881 [V:onnxruntime:, session_state.cc:1154 VerifyEachNodeIsAssignedToAnEp]   Conv (/model.5/m.5/conv1/conv/Conv)
2025-09-16 05:52:03.227082651 [V:onnxruntime:, session_state.cc:1154 VerifyEachNodeIsAssignedToAnEp]   Concat (/model.5/Concat)
2025-09-16 05:52:03.227088616 [V:onnxruntime:, session_state.cc:1154 VerifyEachNodeIsAssignedToAnEp]   Conv (/model.6/m.0/conv1/conv/Conv)
2025-09-16 05:52:03.227094352 [V:onnxruntime:, session_state.cc:1154 VerifyEachNodeIsAssignedToAnEp]   Conv (/model.6/m.1/conv1/conv/Conv)
2025-09-16 05:52:03.227100156 [V:onnxruntime:, session_state.cc:1154 VerifyEachNodeIsAssignedToAnEp]   Conv (/model.6/m.2/conv1/conv/Conv)
2025-09-16 05:52:03.227105969 [V:onnxruntime:, session_state.cc:1154 VerifyEachNodeIsAssignedToAnEp]   Conv (/model.6/m.3/conv1/conv/Conv)
2025-09-16 05:52:03.227111673 [V:onnxruntime:, session_state.cc:1154 VerifyEachNodeIsAssignedToAnEp]   Conv (/model.6/m.4/conv1/conv/Conv)
2025-09-16 05:52:03.227117280 [V:onnxruntime:, session_state.cc:1154 VerifyEachNodeIsAssignedToAnEp]   Conv (/model.6/m.5/conv1/conv/Conv)
2025-09-16 05:52:03.227122912 [V:onnxruntime:, session_state.cc:1154 VerifyEachNodeIsAssignedToAnEp]   Concat (/model.6/Concat)
2025-09-16 05:52:03.227128730 [V:onnxruntime:, session_state.cc:1154 VerifyEachNodeIsAssignedToAnEp]   Add (/model.6/Add)
2025-09-16 05:52:03.227134482 [V:onnxruntime:, session_state.cc:1154 VerifyEachNodeIsAssignedToAnEp]   Conv (/model.7/m.0/conv1/conv/Conv)
2025-09-16 05:52:03.227140199 [V:onnxruntime:, session_state.cc:1154 VerifyEachNodeIsAssignedToAnEp]   Conv (/model.7/m.1/conv1/conv/Conv)
2025-09-16 05:52:03.227146010 [V:onnxruntime:, session_state.cc:1154 VerifyEachNodeIsAssignedToAnEp]   Conv (/model.7/m.2/conv1/conv/Conv)
2025-09-16 05:52:03.227152101 [V:onnxruntime:, session_state.cc:1154 VerifyEachNodeIsAssignedToAnEp]   Conv (/model.7/m.3/conv1/conv/Conv)
2025-09-16 05:52:03.227157956 [V:onnxruntime:, session_state.cc:1154 VerifyEachNodeIsAssignedToAnEp]   Conv (/model.7/m.4/conv1/conv/Conv)
2025-09-16 05:52:03.227163689 [V:onnxruntime:, session_state.cc:1154 VerifyEachNodeIsAssignedToAnEp]   Conv (/model.7/m.5/conv1/conv/Conv)
2025-09-16 05:52:03.227169397 [V:onnxruntime:, session_state.cc:1154 VerifyEachNodeIsAssignedToAnEp]   Concat (/model.7/Concat)
2025-09-16 05:52:03.227175198 [V:onnxruntime:, session_state.cc:1154 VerifyEachNodeIsAssignedToAnEp]   Add (/model.7/Add)
2025-09-16 05:52:03.227180969 [V:onnxruntime:, session_state.cc:1154 VerifyEachNodeIsAssignedToAnEp]   Conv (/model.8/conv/Conv)
2025-09-16 05:52:03.227186620 [V:onnxruntime:, session_state.cc:1154 VerifyEachNodeIsAssignedToAnEp]   Conv (/model.14/conv/Conv)
2025-09-16 05:52:03.227192571 [V:onnxruntime:, session_state.cc:1154 VerifyEachNodeIsAssignedToAnEp]   Conv (/model.9/m.0/conv1/conv/Conv)
2025-09-16 05:52:03.227198451 [V:onnxruntime:, session_state.cc:1154 VerifyEachNodeIsAssignedToAnEp]   Conv (/model.9/m.1/conv1/conv/Conv)
2025-09-16 05:52:03.227203741 [V:onnxruntime:, session_state.cc:1154 VerifyEachNodeIsAssignedToAnEp]   Conv (/model.9/m.2/conv1/conv/Conv)
2025-09-16 05:52:03.227209432 [V:onnxruntime:, session_state.cc:1154 VerifyEachNodeIsAssignedToAnEp]   Conv (/model.9/m.3/conv1/conv/Conv)
2025-09-16 05:52:03.227214513 [V:onnxruntime:, session_state.cc:1154 VerifyEachNodeIsAssignedToAnEp]   Conv (/model.9/m.4/conv1/conv/Conv)
2025-09-16 05:52:03.227219991 [V:onnxruntime:, session_state.cc:1154 VerifyEachNodeIsAssignedToAnEp]   Conv (/model.9/m.5/conv1/conv/Conv)
2025-09-16 05:52:03.227225629 [V:onnxruntime:, session_state.cc:1154 VerifyEachNodeIsAssignedToAnEp]   Concat (/model.9/Concat)
2025-09-16 05:52:03.227231473 [V:onnxruntime:, session_state.cc:1154 VerifyEachNodeIsAssignedToAnEp]   Conv (/model.10/conv/Conv)
2025-09-16 05:52:03.227237301 [V:onnxruntime:, session_state.cc:1154 VerifyEachNodeIsAssignedToAnEp]   Reshape (/model.11/Reshape_6)
2025-09-16 05:52:03.227243076 [V:onnxruntime:, session_state.cc:1154 VerifyEachNodeIsAssignedToAnEp]   Transpose (/model.11/Transpose)
2025-09-16 05:52:03.227248284 [V:onnxruntime:, session_state.cc:1154 VerifyEachNodeIsAssignedToAnEp]   Transpose (/model.11/ma/Transpose_1)
2025-09-16 05:52:03.227252220 [V:onnxruntime:, session_state.cc:1154 VerifyEachNodeIsAssignedToAnEp]   Add (/model.11/Add)
2025-09-16 05:52:03.227256208 [V:onnxruntime:, session_state.cc:1154 VerifyEachNodeIsAssignedToAnEp]   Reshape (/model.11/ma/MatMul_2_pre_reshape)
2025-09-16 05:52:03.227261010 [V:onnxruntime:, session_state.cc:1154 VerifyEachNodeIsAssignedToAnEp]   Transpose (/model.11/ma/Transpose)
2025-09-16 05:52:03.227266889 [V:onnxruntime:, session_state.cc:1154 VerifyEachNodeIsAssignedToAnEp]   Gemm (/model.11/ma/MatMul_2)
2025-09-16 05:52:03.227272648 [V:onnxruntime:, session_state.cc:1154 VerifyEachNodeIsAssignedToAnEp]   Reshape (/model.11/ma/MatMul_pre_reshape)
2025-09-16 05:52:03.227278279 [V:onnxruntime:, session_state.cc:1154 VerifyEachNodeIsAssignedToAnEp]   Reshape (/model.11/ma/MatMul_2_post_reshape)
2025-09-16 05:52:03.227283953 [V:onnxruntime:, session_state.cc:1154 VerifyEachNodeIsAssignedToAnEp]   Gemm (/model.11/ma/MatMul)
2025-09-16 05:52:03.227289879 [V:onnxruntime:, session_state.cc:1154 VerifyEachNodeIsAssignedToAnEp]   Gemm (/model.11/ma/MatMul_1)
2025-09-16 05:52:03.227295593 [V:onnxruntime:, session_state.cc:1154 VerifyEachNodeIsAssignedToAnEp]   Reshape (/model.11/ma/MatMul_post_reshape)
2025-09-16 05:52:03.227301332 [V:onnxruntime:, session_state.cc:1154 VerifyEachNodeIsAssignedToAnEp]   Reshape (/model.11/ma/MatMul_1_post_reshape)
2025-09-16 05:52:03.227306994 [V:onnxruntime:, session_state.cc:1154 VerifyEachNodeIsAssignedToAnEp]   Softmax (/model.11/ma/Softmax)
2025-09-16 05:52:03.227312816 [V:onnxruntime:, session_state.cc:1154 VerifyEachNodeIsAssignedToAnEp]   Transpose (/model.11/ma/Transpose_5)
2025-09-16 05:52:03.227318598 [V:onnxruntime:, session_state.cc:1154 VerifyEachNodeIsAssignedToAnEp]   Reshape (/model.11/ma/Reshape_3)
2025-09-16 05:52:03.227324421 [V:onnxruntime:, session_state.cc:1154 VerifyEachNodeIsAssignedToAnEp]   Gemm (/model.11/ma/Gemm)
2025-09-16 05:52:03.227330151 [V:onnxruntime:, session_state.cc:1154 VerifyEachNodeIsAssignedToAnEp]   Reshape (/model.11/ma/Reshape_4)
2025-09-16 05:52:03.227334975 [V:onnxruntime:, session_state.cc:1154 VerifyEachNodeIsAssignedToAnEp]   Transpose (/model.11/ma/Transpose_6)
2025-09-16 05:52:03.227340234 [V:onnxruntime:, session_state.cc:1154 VerifyEachNodeIsAssignedToAnEp]   Reshape (/model.11/fc1/MatMul_pre_reshape)
2025-09-16 05:52:03.227345759 [V:onnxruntime:, session_state.cc:1154 VerifyEachNodeIsAssignedToAnEp]   Gemm (/model.11/fc1/MatMul)
2025-09-16 05:52:03.227351500 [V:onnxruntime:, session_state.cc:1154 VerifyEachNodeIsAssignedToAnEp]   Reshape (/model.11/fc1/MatMul_post_reshape)
2025-09-16 05:52:03.227357281 [V:onnxruntime:, session_state.cc:1154 VerifyEachNodeIsAssignedToAnEp]   Reshape (/model.11/fc2/MatMul_pre_reshape)
2025-09-16 05:52:03.227363076 [V:onnxruntime:, session_state.cc:1154 VerifyEachNodeIsAssignedToAnEp]   Gemm (/model.11/fc2/MatMul)
2025-09-16 05:52:03.227368793 [V:onnxruntime:, session_state.cc:1154 VerifyEachNodeIsAssignedToAnEp]   Reshape (/model.11/fc2/MatMul_post_reshape)
2025-09-16 05:52:03.227374569 [V:onnxruntime:, session_state.cc:1154 VerifyEachNodeIsAssignedToAnEp]   Transpose (/model.11/Transpose_1)
2025-09-16 05:52:03.227379881 [V:onnxruntime:, session_state.cc:1154 VerifyEachNodeIsAssignedToAnEp]   Reshape (/model.11/Reshape_7)
2025-09-16 05:52:03.227385408 [V:onnxruntime:, session_state.cc:1154 VerifyEachNodeIsAssignedToAnEp]   Conv (/model.12/conv/Conv)
2025-09-16 05:52:03.227390987 [V:onnxruntime:, session_state.cc:1154 VerifyEachNodeIsAssignedToAnEp]   Concat (/model.15/Concat)
2025-09-16 05:52:03.227396769 [V:onnxruntime:, session_state.cc:1154 VerifyEachNodeIsAssignedToAnEp]   Conv (/model.16/cv1/conv/Conv)
2025-09-16 05:52:03.227402550 [V:onnxruntime:, session_state.cc:1154 VerifyEachNodeIsAssignedToAnEp]   Conv (/model.16/cv2/conv/Conv)
2025-09-16 05:52:03.227408311 [V:onnxruntime:, session_state.cc:1154 VerifyEachNodeIsAssignedToAnEp]   Conv (/model.16/m/m.0/conv/Conv)
2025-09-16 05:52:03.227413640 [V:onnxruntime:, session_state.cc:1154 VerifyEachNodeIsAssignedToAnEp]   Conv (/model.16/m/m.1/conv/Conv)
2025-09-16 05:52:03.227418432 [V:onnxruntime:, session_state.cc:1154 VerifyEachNodeIsAssignedToAnEp]   Conv (/model.16/m/m.2/conv/Conv)
2025-09-16 05:52:03.227423839 [V:onnxruntime:, session_state.cc:1154 VerifyEachNodeIsAssignedToAnEp]   Add (/model.16/Add)
2025-09-16 05:52:03.227429677 [V:onnxruntime:, session_state.cc:1154 VerifyEachNodeIsAssignedToAnEp]   Conv (/model.17/conv/Conv)
2025-09-16 05:52:03.227435242 [V:onnxruntime:, session_state.cc:1154 VerifyEachNodeIsAssignedToAnEp]   Concat (/model.20/Concat)
2025-09-16 05:52:03.227440648 [V:onnxruntime:, session_state.cc:1154 VerifyEachNodeIsAssignedToAnEp]   Conv (/model.21/cv1/conv/Conv)
2025-09-16 05:52:03.227447137 [V:onnxruntime:, session_state.cc:1154 VerifyEachNodeIsAssignedToAnEp]   Conv (/model.21/cv2/conv/Conv)
2025-09-16 05:52:03.227452459 [V:onnxruntime:, session_state.cc:1154 VerifyEachNodeIsAssignedToAnEp]   Conv (/model.21/m/m.0/conv/Conv)
2025-09-16 05:52:03.227457652 [V:onnxruntime:, session_state.cc:1154 VerifyEachNodeIsAssignedToAnEp]   Conv (/model.21/m/m.1/conv/Conv)
2025-09-16 05:52:03.227462999 [V:onnxruntime:, session_state.cc:1154 VerifyEachNodeIsAssignedToAnEp]   Conv (/model.21/m/m.2/conv/Conv)
2025-09-16 05:52:03.227468157 [V:onnxruntime:, session_state.cc:1154 VerifyEachNodeIsAssignedToAnEp]   Add (/model.21/Add)
2025-09-16 05:52:03.227473393 [V:onnxruntime:, session_state.cc:1154 VerifyEachNodeIsAssignedToAnEp]   Conv (/model.22/conv/Conv)
2025-09-16 05:52:03.227478794 [V:onnxruntime:, session_state.cc:1154 VerifyEachNodeIsAssignedToAnEp]   Conv (/model.28/input_proj.0/input_proj.0.0/Conv)
2025-09-16 05:52:03.227483854 [V:onnxruntime:, session_state.cc:1154 VerifyEachNodeIsAssignedToAnEp]   Reshape (/model.28/Reshape)
2025-09-16 05:52:03.227488518 [V:onnxruntime:, session_state.cc:1154 VerifyEachNodeIsAssignedToAnEp]   Concat (/model.23/Concat)
2025-09-16 05:52:03.227492376 [V:onnxruntime:, session_state.cc:1154 VerifyEachNodeIsAssignedToAnEp]   Conv (/model.24/cv1/conv/Conv)
2025-09-16 05:52:03.227497235 [V:onnxruntime:, session_state.cc:1154 VerifyEachNodeIsAssignedToAnEp]   Conv (/model.24/cv2/conv/Conv)
2025-09-16 05:52:03.227502935 [V:onnxruntime:, session_state.cc:1154 VerifyEachNodeIsAssignedToAnEp]   Conv (/model.24/m/m.0/conv/Conv)
2025-09-16 05:52:03.227508513 [V:onnxruntime:, session_state.cc:1154 VerifyEachNodeIsAssignedToAnEp]   Conv (/model.24/m/m.1/conv/Conv)
2025-09-16 05:52:03.227514100 [V:onnxruntime:, session_state.cc:1154 VerifyEachNodeIsAssignedToAnEp]   Conv (/model.24/m/m.2/conv/Conv)
2025-09-16 05:52:03.227519942 [V:onnxruntime:, session_state.cc:1154 VerifyEachNodeIsAssignedToAnEp]   Add (/model.24/Add)
2025-09-16 05:52:03.227525236 [V:onnxruntime:, session_state.cc:1154 VerifyEachNodeIsAssignedToAnEp]   Conv (/model.25/conv/Conv)
2025-09-16 05:52:03.227582433 [V:onnxruntime:, session_state.cc:1154 VerifyEachNodeIsAssignedToAnEp]   Conv (/model.28/input_proj.1/input_proj.1.0/Conv)
2025-09-16 05:52:03.227587195 [V:onnxruntime:, session_state.cc:1154 VerifyEachNodeIsAssignedToAnEp]   Reshape (/model.28/Reshape_1)
2025-09-16 05:52:03.227594175 [V:onnxruntime:, session_state.cc:1154 VerifyEachNodeIsAssignedToAnEp]   Concat (/model.26/Concat)
2025-09-16 05:52:03.227598735 [V:onnxruntime:, session_state.cc:1154 VerifyEachNodeIsAssignedToAnEp]   Conv (/model.27/cv1/conv/Conv)
2025-09-16 05:52:03.227602844 [V:onnxruntime:, session_state.cc:1154 VerifyEachNodeIsAssignedToAnEp]   Conv (/model.27/cv2/conv/Conv)
2025-09-16 05:52:03.227607736 [V:onnxruntime:, session_state.cc:1154 VerifyEachNodeIsAssignedToAnEp]   Conv (/model.27/m/m.0/conv/Conv)
2025-09-16 05:52:03.227613027 [V:onnxruntime:, session_state.cc:1154 VerifyEachNodeIsAssignedToAnEp]   Conv (/model.27/m/m.1/conv/Conv)
2025-09-16 05:52:03.227618227 [V:onnxruntime:, session_state.cc:1154 VerifyEachNodeIsAssignedToAnEp]   Conv (/model.27/m/m.2/conv/Conv)
2025-09-16 05:52:03.227623830 [V:onnxruntime:, session_state.cc:1154 VerifyEachNodeIsAssignedToAnEp]   Add (/model.27/Add)
2025-09-16 05:52:03.227629639 [V:onnxruntime:, session_state.cc:1154 VerifyEachNodeIsAssignedToAnEp]   Conv (/model.28/input_proj.2/input_proj.2.0/Conv)
2025-09-16 05:52:03.227635420 [V:onnxruntime:, session_state.cc:1154 VerifyEachNodeIsAssignedToAnEp]   Reshape (/model.28/Reshape_2)
2025-09-16 05:52:03.227641215 [V:onnxruntime:, session_state.cc:1154 VerifyEachNodeIsAssignedToAnEp]   Concat (/model.28/Concat_3)
2025-09-16 05:52:03.227647023 [V:onnxruntime:, session_state.cc:1154 VerifyEachNodeIsAssignedToAnEp]   Mul (/model.28/Mul_9)
2025-09-16 05:52:03.227652775 [V:onnxruntime:, session_state.cc:1154 VerifyEachNodeIsAssignedToAnEp]   Reshape (/model.28/decoder/layers.0/cross_attn/value_proj/MatMul_pre_reshape)
2025-09-16 05:52:03.227659224 [V:onnxruntime:, session_state.cc:1154 VerifyEachNodeIsAssignedToAnEp]   Reshape (/model.28/enc_output/enc_output.0/MatMul_pre_reshape)
2025-09-16 05:52:03.227665029 [V:onnxruntime:, session_state.cc:1154 VerifyEachNodeIsAssignedToAnEp]   Gemm (/model.28/decoder/layers.0/cross_attn/value_proj/MatMul)
2025-09-16 05:52:03.227670889 [V:onnxruntime:, session_state.cc:1154 VerifyEachNodeIsAssignedToAnEp]   Gemm (/model.28/decoder/layers.1/cross_attn/value_proj/MatMul)
2025-09-16 05:52:03.227676616 [V:onnxruntime:, session_state.cc:1154 VerifyEachNodeIsAssignedToAnEp]   Gemm (/model.28/decoder/layers.2/cross_attn/value_proj/MatMul)
2025-09-16 05:52:03.227682469 [V:onnxruntime:, session_state.cc:1154 VerifyEachNodeIsAssignedToAnEp]   Gemm (/model.28/decoder/layers.3/cross_attn/value_proj/MatMul)
2025-09-16 05:52:03.227688249 [V:onnxruntime:, session_state.cc:1154 VerifyEachNodeIsAssignedToAnEp]   Gemm (/model.28/decoder/layers.4/cross_attn/value_proj/MatMul)
2025-09-16 05:52:03.227694033 [V:onnxruntime:, session_state.cc:1154 VerifyEachNodeIsAssignedToAnEp]   Gemm (/model.28/decoder/layers.5/cross_attn/value_proj/MatMul)
2025-09-16 05:52:03.227699411 [V:onnxruntime:, session_state.cc:1154 VerifyEachNodeIsAssignedToAnEp]   Gemm (/model.28/enc_output/enc_output.0/MatMul)
2025-09-16 05:52:03.227704464 [V:onnxruntime:, session_state.cc:1154 VerifyEachNodeIsAssignedToAnEp]   Reshape (/model.28/decoder/layers.0/cross_attn/value_proj/MatMul_post_reshape)
2025-09-16 05:52:03.227710123 [V:onnxruntime:, session_state.cc:1154 VerifyEachNodeIsAssignedToAnEp]   Reshape (/model.28/decoder/layers.1/cross_attn/value_proj/MatMul_post_reshape)
2025-09-16 05:52:03.227715559 [V:onnxruntime:, session_state.cc:1154 VerifyEachNodeIsAssignedToAnEp]   Reshape (/model.28/decoder/layers.2/cross_attn/value_proj/MatMul_post_reshape)
2025-09-16 05:52:03.227720793 [V:onnxruntime:, session_state.cc:1154 VerifyEachNodeIsAssignedToAnEp]   Reshape (/model.28/decoder/layers.3/cross_attn/value_proj/MatMul_post_reshape)
2025-09-16 05:52:03.227726347 [V:onnxruntime:, session_state.cc:1154 VerifyEachNodeIsAssignedToAnEp]   Reshape (/model.28/decoder/layers.4/cross_attn/value_proj/MatMul_post_reshape)
2025-09-16 05:52:03.227730913 [V:onnxruntime:, session_state.cc:1154 VerifyEachNodeIsAssignedToAnEp]   Reshape (/model.28/decoder/layers.5/cross_attn/value_proj/MatMul_post_reshape)
2025-09-16 05:52:03.227734936 [V:onnxruntime:, session_state.cc:1154 VerifyEachNodeIsAssignedToAnEp]   Reshape (/model.28/enc_output/enc_output.0/MatMul_post_reshape)
2025-09-16 05:52:03.227739740 [V:onnxruntime:, session_state.cc:1154 VerifyEachNodeIsAssignedToAnEp]   LayerNormalization (/model.28/enc_output/enc_output.1/LayerNormalization)
2025-09-16 05:52:03.227744939 [V:onnxruntime:, session_state.cc:1154 VerifyEachNodeIsAssignedToAnEp]   Reshape (/model.28/decoder/layers.0/cross_attn/Reshape_4)
2025-09-16 05:52:03.227750183 [V:onnxruntime:, session_state.cc:1154 VerifyEachNodeIsAssignedToAnEp]   Reshape (/model.28/decoder/layers.0/cross_attn/Reshape_7)
2025-09-16 05:52:03.227755647 [V:onnxruntime:, session_state.cc:1154 VerifyEachNodeIsAssignedToAnEp]   Reshape (/model.28/decoder/layers.0/cross_attn/Reshape_10)
2025-09-16 05:52:03.227760953 [V:onnxruntime:, session_state.cc:1154 VerifyEachNodeIsAssignedToAnEp]   Reshape (/model.28/decoder/layers.1/cross_attn/Reshape_4)
2025-09-16 05:52:03.227766493 [V:onnxruntime:, session_state.cc:1154 VerifyEachNodeIsAssignedToAnEp]   Reshape (/model.28/decoder/layers.1/cross_attn/Reshape_7)
2025-09-16 05:52:03.227771768 [V:onnxruntime:, session_state.cc:1154 VerifyEachNodeIsAssignedToAnEp]   Reshape (/model.28/decoder/layers.1/cross_attn/Reshape_10)
2025-09-16 05:52:03.227776901 [V:onnxruntime:, session_state.cc:1154 VerifyEachNodeIsAssignedToAnEp]   Reshape (/model.28/decoder/layers.2/cross_attn/Reshape_4)
2025-09-16 05:52:03.227782200 [V:onnxruntime:, session_state.cc:1154 VerifyEachNodeIsAssignedToAnEp]   Reshape (/model.28/decoder/layers.2/cross_attn/Reshape_7)
2025-09-16 05:52:03.227787866 [V:onnxruntime:, session_state.cc:1154 VerifyEachNodeIsAssignedToAnEp]   Reshape (/model.28/decoder/layers.2/cross_attn/Reshape_10)
2025-09-16 05:52:03.227792989 [V:onnxruntime:, session_state.cc:1154 VerifyEachNodeIsAssignedToAnEp]   Reshape (/model.28/decoder/layers.3/cross_attn/Reshape_4)
2025-09-16 05:52:03.227798364 [V:onnxruntime:, session_state.cc:1154 VerifyEachNodeIsAssignedToAnEp]   Reshape (/model.28/decoder/layers.3/cross_attn/Reshape_7)
2025-09-16 05:52:03.227803562 [V:onnxruntime:, session_state.cc:1154 VerifyEachNodeIsAssignedToAnEp]   Reshape (/model.28/decoder/layers.3/cross_attn/Reshape_10)
2025-09-16 05:52:03.227808498 [V:onnxruntime:, session_state.cc:1154 VerifyEachNodeIsAssignedToAnEp]   Reshape (/model.28/decoder/layers.4/cross_attn/Reshape_4)
2025-09-16 05:52:03.227813788 [V:onnxruntime:, session_state.cc:1154 VerifyEachNodeIsAssignedToAnEp]   Reshape (/model.28/decoder/layers.4/cross_attn/Reshape_7)
2025-09-16 05:52:03.227818727 [V:onnxruntime:, session_state.cc:1154 VerifyEachNodeIsAssignedToAnEp]   Reshape (/model.28/decoder/layers.4/cross_attn/Reshape_10)
2025-09-16 05:52:03.227823456 [V:onnxruntime:, session_state.cc:1154 VerifyEachNodeIsAssignedToAnEp]   Reshape (/model.28/decoder/layers.5/cross_attn/Reshape_4)
2025-09-16 05:52:03.227828206 [V:onnxruntime:, session_state.cc:1154 VerifyEachNodeIsAssignedToAnEp]   Reshape (/model.28/decoder/layers.5/cross_attn/Reshape_7)
2025-09-16 05:52:03.227832847 [V:onnxruntime:, session_state.cc:1154 VerifyEachNodeIsAssignedToAnEp]   Reshape (/model.28/decoder/layers.5/cross_attn/Reshape_10)
2025-09-16 05:52:03.227837900 [V:onnxruntime:, session_state.cc:1154 VerifyEachNodeIsAssignedToAnEp]   Flatten (/model.28/Flatten)
2025-09-16 05:52:03.227842914 [V:onnxruntime:, session_state.cc:1154 VerifyEachNodeIsAssignedToAnEp]   Reshape (/model.28/enc_score_head/MatMul_pre_reshape)
2025-09-16 05:52:03.227847673 [V:onnxruntime:, session_state.cc:1154 VerifyEachNodeIsAssignedToAnEp]   Transpose (/model.28/decoder/layers.0/cross_attn/Transpose)
2025-09-16 05:52:03.227852676 [V:onnxruntime:, session_state.cc:1154 VerifyEachNodeIsAssignedToAnEp]   Transpose (/model.28/decoder/layers.0/cross_attn/Transpose_2)
2025-09-16 05:52:03.227857227 [V:onnxruntime:, session_state.cc:1154 VerifyEachNodeIsAssignedToAnEp]   Transpose (/model.28/decoder/layers.0/cross_attn/Transpose_4)
2025-09-16 05:52:03.227861787 [V:onnxruntime:, session_state.cc:1154 VerifyEachNodeIsAssignedToAnEp]   Transpose (/model.28/decoder/layers.1/cross_attn/Transpose)
2025-09-16 05:52:03.227867342 [V:onnxruntime:, session_state.cc:1154 VerifyEachNodeIsAssignedToAnEp]   Transpose (/model.28/decoder/layers.1/cross_attn/Transpose_2)
2025-09-16 05:52:03.227872949 [V:onnxruntime:, session_state.cc:1154 VerifyEachNodeIsAssignedToAnEp]   Transpose (/model.28/decoder/layers.1/cross_attn/Transpose_4)
2025-09-16 05:52:03.227878037 [V:onnxruntime:, session_state.cc:1154 VerifyEachNodeIsAssignedToAnEp]   Transpose (/model.28/decoder/layers.2/cross_attn/Transpose)
2025-09-16 05:52:03.227883052 [V:onnxruntime:, session_state.cc:1154 VerifyEachNodeIsAssignedToAnEp]   Transpose (/model.28/decoder/layers.2/cross_attn/Transpose_2)
2025-09-16 05:52:03.227888246 [V:onnxruntime:, session_state.cc:1154 VerifyEachNodeIsAssignedToAnEp]   Transpose (/model.28/decoder/layers.2/cross_attn/Transpose_4)
2025-09-16 05:52:03.227893476 [V:onnxruntime:, session_state.cc:1154 VerifyEachNodeIsAssignedToAnEp]   Transpose (/model.28/decoder/layers.3/cross_attn/Transpose)
2025-09-16 05:52:03.227898707 [V:onnxruntime:, session_state.cc:1154 VerifyEachNodeIsAssignedToAnEp]   Transpose (/model.28/decoder/layers.3/cross_attn/Transpose_2)
2025-09-16 05:52:03.227903920 [V:onnxruntime:, session_state.cc:1154 VerifyEachNodeIsAssignedToAnEp]   Transpose (/model.28/decoder/layers.3/cross_attn/Transpose_4)
2025-09-16 05:52:03.227908986 [V:onnxruntime:, session_state.cc:1154 VerifyEachNodeIsAssignedToAnEp]   Transpose (/model.28/decoder/layers.4/cross_attn/Transpose)
2025-09-16 05:52:03.227914141 [V:onnxruntime:, session_state.cc:1154 VerifyEachNodeIsAssignedToAnEp]   Transpose (/model.28/decoder/layers.4/cross_attn/Transpose_2)
2025-09-16 05:52:03.227919369 [V:onnxruntime:, session_state.cc:1154 VerifyEachNodeIsAssignedToAnEp]   Transpose (/model.28/decoder/layers.4/cross_attn/Transpose_4)
2025-09-16 05:52:03.227924705 [V:onnxruntime:, session_state.cc:1154 VerifyEachNodeIsAssignedToAnEp]   Transpose (/model.28/decoder/layers.5/cross_attn/Transpose)
2025-09-16 05:52:03.227929750 [V:onnxruntime:, session_state.cc:1154 VerifyEachNodeIsAssignedToAnEp]   Transpose (/model.28/decoder/layers.5/cross_attn/Transpose_2)
2025-09-16 05:52:03.227935057 [V:onnxruntime:, session_state.cc:1154 VerifyEachNodeIsAssignedToAnEp]   Transpose (/model.28/decoder/layers.5/cross_attn/Transpose_4)
2025-09-16 05:52:03.227940370 [V:onnxruntime:, session_state.cc:1154 VerifyEachNodeIsAssignedToAnEp]   Gemm (/model.28/enc_score_head/MatMul)
2025-09-16 05:52:03.227945513 [V:onnxruntime:, session_state.cc:1154 VerifyEachNodeIsAssignedToAnEp]   Reshape (/model.28/decoder/layers.0/cross_attn/Reshape_5)
2025-09-16 05:52:03.227950769 [V:onnxruntime:, session_state.cc:1154 VerifyEachNodeIsAssignedToAnEp]   Reshape (/model.28/decoder/layers.0/cross_attn/Reshape_8)
2025-09-16 05:52:03.227956118 [V:onnxruntime:, session_state.cc:1154 VerifyEachNodeIsAssignedToAnEp]   Reshape (/model.28/decoder/layers.0/cross_attn/Reshape_11)
2025-09-16 05:52:03.227961324 [V:onnxruntime:, session_state.cc:1154 VerifyEachNodeIsAssignedToAnEp]   Reshape (/model.28/decoder/layers.1/cross_attn/Reshape_5)
2025-09-16 05:52:03.227966452 [V:onnxruntime:, session_state.cc:1154 VerifyEachNodeIsAssignedToAnEp]   Reshape (/model.28/decoder/layers.1/cross_attn/Reshape_8)
2025-09-16 05:52:03.227971328 [V:onnxruntime:, session_state.cc:1154 VerifyEachNodeIsAssignedToAnEp]   Reshape (/model.28/decoder/layers.1/cross_attn/Reshape_11)
2025-09-16 05:52:03.227976377 [V:onnxruntime:, session_state.cc:1154 VerifyEachNodeIsAssignedToAnEp]   Reshape (/model.28/decoder/layers.2/cross_attn/Reshape_5)
2025-09-16 05:52:03.227981582 [V:onnxruntime:, session_state.cc:1154 VerifyEachNodeIsAssignedToAnEp]   Reshape (/model.28/decoder/layers.2/cross_attn/Reshape_8)
2025-09-16 05:52:03.227986250 [V:onnxruntime:, session_state.cc:1154 VerifyEachNodeIsAssignedToAnEp]   Reshape (/model.28/decoder/layers.2/cross_attn/Reshape_11)
2025-09-16 05:52:03.227991140 [V:onnxruntime:, session_state.cc:1154 VerifyEachNodeIsAssignedToAnEp]   Reshape (/model.28/decoder/layers.3/cross_attn/Reshape_5)
2025-09-16 05:52:03.227995838 [V:onnxruntime:, session_state.cc:1154 VerifyEachNodeIsAssignedToAnEp]   Reshape (/model.28/decoder/layers.3/cross_attn/Reshape_8)
2025-09-16 05:52:03.228000847 [V:onnxruntime:, session_state.cc:1154 VerifyEachNodeIsAssignedToAnEp]   Reshape (/model.28/decoder/layers.3/cross_attn/Reshape_11)
2025-09-16 05:52:03.228005858 [V:onnxruntime:, session_state.cc:1154 VerifyEachNodeIsAssignedToAnEp]   Reshape (/model.28/decoder/layers.4/cross_attn/Reshape_5)
2025-09-16 05:52:03.228010738 [V:onnxruntime:, session_state.cc:1154 VerifyEachNodeIsAssignedToAnEp]   Reshape (/model.28/decoder/layers.4/cross_attn/Reshape_8)
2025-09-16 05:52:03.228015335 [V:onnxruntime:, session_state.cc:1154 VerifyEachNodeIsAssignedToAnEp]   Reshape (/model.28/decoder/layers.4/cross_attn/Reshape_11)
2025-09-16 05:52:03.228019819 [V:onnxruntime:, session_state.cc:1154 VerifyEachNodeIsAssignedToAnEp]   Reshape (/model.28/decoder/layers.5/cross_attn/Reshape_5)
2025-09-16 05:52:03.228024219 [V:onnxruntime:, session_state.cc:1154 VerifyEachNodeIsAssignedToAnEp]   Reshape (/model.28/decoder/layers.5/cross_attn/Reshape_8)
2025-09-16 05:52:03.228028909 [V:onnxruntime:, session_state.cc:1154 VerifyEachNodeIsAssignedToAnEp]   Reshape (/model.28/decoder/layers.5/cross_attn/Reshape_11)
2025-09-16 05:52:03.228034003 [V:onnxruntime:, session_state.cc:1154 VerifyEachNodeIsAssignedToAnEp]   Reshape (/model.28/enc_score_head/MatMul_post_reshape)
2025-09-16 05:52:03.228038976 [V:onnxruntime:, session_state.cc:1154 VerifyEachNodeIsAssignedToAnEp]   ReduceMax (/model.28/ReduceMax)
2025-09-16 05:52:03.228044340 [V:onnxruntime:, session_state.cc:1154 VerifyEachNodeIsAssignedToAnEp]   TopK (/model.28/TopK)
2025-09-16 05:52:03.228049323 [V:onnxruntime:, session_state.cc:1154 VerifyEachNodeIsAssignedToAnEp]   Reshape (/model.28/Reshape_18)
2025-09-16 05:52:03.228054678 [V:onnxruntime:, session_state.cc:1154 VerifyEachNodeIsAssignedToAnEp]   Gather (/model.28/Gather_10)
2025-09-16 05:52:03.228060040 [V:onnxruntime:, session_state.cc:1154 VerifyEachNodeIsAssignedToAnEp]   Gather (/model.28/Gather_9)
2025-09-16 05:52:03.228064981 [V:onnxruntime:, session_state.cc:1154 VerifyEachNodeIsAssignedToAnEp]   Reshape (/model.28/Reshape_20)
2025-09-16 05:52:03.228070082 [V:onnxruntime:, session_state.cc:1154 VerifyEachNodeIsAssignedToAnEp]   Transpose (/model.28/decoder/layers.0/Transpose_1)
2025-09-16 05:52:03.228074982 [V:onnxruntime:, session_state.cc:1154 VerifyEachNodeIsAssignedToAnEp]   Reshape (/model.28/enc_bbox_head/layers.0/MatMul_pre_reshape)
2025-09-16 05:52:03.228080299 [V:onnxruntime:, session_state.cc:1154 VerifyEachNodeIsAssignedToAnEp]   Gemm (/model.28/enc_bbox_head/layers.0/MatMul)
2025-09-16 05:52:03.228085458 [V:onnxruntime:, session_state.cc:1154 VerifyEachNodeIsAssignedToAnEp]   Reshape (/model.28/decoder/layers.0/self_attn/MatMul_2_pre_reshape)
2025-09-16 05:52:03.228090577 [V:onnxruntime:, session_state.cc:1154 VerifyEachNodeIsAssignedToAnEp]   Reshape (/model.28/enc_bbox_head/layers.0/MatMul_post_reshape)
2025-09-16 05:52:03.228095932 [V:onnxruntime:, session_state.cc:1154 VerifyEachNodeIsAssignedToAnEp]   Gemm (/model.28/decoder/layers.0/self_attn/MatMul_2)
2025-09-16 05:52:03.228101319 [V:onnxruntime:, session_state.cc:1154 VerifyEachNodeIsAssignedToAnEp]   Relu (/model.28/enc_bbox_head/Relu)
2025-09-16 05:52:03.228106498 [V:onnxruntime:, session_state.cc:1154 VerifyEachNodeIsAssignedToAnEp]   Reshape (/model.28/decoder/layers.0/self_attn/MatMul_2_post_reshape)
2025-09-16 05:52:03.228111730 [V:onnxruntime:, session_state.cc:1154 VerifyEachNodeIsAssignedToAnEp]   Reshape (/model.28/enc_bbox_head/layers.1/MatMul_pre_reshape)
2025-09-16 05:52:03.228116392 [V:onnxruntime:, session_state.cc:1154 VerifyEachNodeIsAssignedToAnEp]   Gemm (/model.28/enc_bbox_head/layers.1/MatMul)
2025-09-16 05:52:03.228120940 [V:onnxruntime:, session_state.cc:1154 VerifyEachNodeIsAssignedToAnEp]   Reshape (/model.28/enc_bbox_head/layers.1/MatMul_post_reshape)
2025-09-16 05:52:03.228126097 [V:onnxruntime:, session_state.cc:1154 VerifyEachNodeIsAssignedToAnEp]   Relu (/model.28/enc_bbox_head/Relu_1)
2025-09-16 05:52:03.228131507 [V:onnxruntime:, session_state.cc:1154 VerifyEachNodeIsAssignedToAnEp]   Reshape (/model.28/enc_bbox_head/layers.2/MatMul_pre_reshape)
2025-09-16 05:52:03.228137055 [V:onnxruntime:, session_state.cc:1154 VerifyEachNodeIsAssignedToAnEp]   Gemm (/model.28/enc_bbox_head/layers.2/MatMul)
2025-09-16 05:52:03.228142409 [V:onnxruntime:, session_state.cc:1154 VerifyEachNodeIsAssignedToAnEp]   Reshape (/model.28/enc_bbox_head/layers.2/MatMul_post_reshape)
2025-09-16 05:52:03.228147782 [V:onnxruntime:, session_state.cc:1154 VerifyEachNodeIsAssignedToAnEp]   Add (/model.28/Add_4)
2025-09-16 05:52:03.228153341 [V:onnxruntime:, session_state.cc:1154 VerifyEachNodeIsAssignedToAnEp]   Sigmoid (/model.28/decoder/Sigmoid)
2025-09-16 05:52:03.228158318 [V:onnxruntime:, session_state.cc:1154 VerifyEachNodeIsAssignedToAnEp]   Clip (/model.28/decoder/Clip)
2025-09-16 05:52:03.228163702 [V:onnxruntime:, session_state.cc:1154 VerifyEachNodeIsAssignedToAnEp]   Reshape (/model.28/decoder/query_pos_head/layers.0/MatMul_pre_reshape)
2025-09-16 05:52:03.228168820 [V:onnxruntime:, session_state.cc:1154 VerifyEachNodeIsAssignedToAnEp]   Unsqueeze (/model.28/decoder/layers.0/Unsqueeze)
2025-09-16 05:52:03.228174101 [V:onnxruntime:, session_state.cc:1154 VerifyEachNodeIsAssignedToAnEp]   Clip (/model.28/decoder/Clip_1)
2025-09-16 05:52:03.228178577 [V:onnxruntime:, session_state.cc:1154 VerifyEachNodeIsAssignedToAnEp]   Sub (/model.28/decoder/Sub)
2025-09-16 05:52:03.228183165 [V:onnxruntime:, session_state.cc:1154 VerifyEachNodeIsAssignedToAnEp]   Gemm (/model.28/decoder/query_pos_head/layers.0/MatMul)
2025-09-16 05:52:03.228187935 [V:onnxruntime:, session_state.cc:1154 VerifyEachNodeIsAssignedToAnEp]   Reshape (/model.28/decoder/query_pos_head/layers.0/MatMul_post_reshape)
2025-09-16 05:52:03.228193188 [V:onnxruntime:, session_state.cc:1154 VerifyEachNodeIsAssignedToAnEp]   Clip (/model.28/decoder/Clip_2)
2025-09-16 05:52:03.228198397 [V:onnxruntime:, session_state.cc:1154 VerifyEachNodeIsAssignedToAnEp]   Relu (/model.28/decoder/query_pos_head/Relu)
2025-09-16 05:52:03.228203525 [V:onnxruntime:, session_state.cc:1154 VerifyEachNodeIsAssignedToAnEp]   Div (/model.28/decoder/Div)
2025-09-16 05:52:03.228208064 [V:onnxruntime:, session_state.cc:1154 VerifyEachNodeIsAssignedToAnEp]   Log (/model.28/decoder/Log)
2025-09-16 05:52:03.228212637 [V:onnxruntime:, session_state.cc:1154 VerifyEachNodeIsAssignedToAnEp]   Reshape (/model.28/decoder/query_pos_head/layers.1/MatMul_pre_reshape)
2025-09-16 05:52:03.228217436 [V:onnxruntime:, session_state.cc:1154 VerifyEachNodeIsAssignedToAnEp]   Gemm (/model.28/decoder/query_pos_head/layers.1/MatMul)
2025-09-16 05:52:03.228221993 [V:onnxruntime:, session_state.cc:1154 VerifyEachNodeIsAssignedToAnEp]   Reshape (/model.28/decoder/query_pos_head/layers.1/MatMul_post_reshape)
2025-09-16 05:52:03.228226409 [V:onnxruntime:, session_state.cc:1154 VerifyEachNodeIsAssignedToAnEp]   Add (/model.28/decoder/layers.0/Add)
2025-09-16 05:52:03.228230850 [V:onnxruntime:, session_state.cc:1154 VerifyEachNodeIsAssignedToAnEp]   Transpose (/model.28/decoder/layers.0/Transpose)
2025-09-16 05:52:03.228235316 [V:onnxruntime:, session_state.cc:1154 VerifyEachNodeIsAssignedToAnEp]   Reshape (/model.28/decoder/layers.0/self_attn/MatMul_pre_reshape)
2025-09-16 05:52:03.228239782 [V:onnxruntime:, session_state.cc:1154 VerifyEachNodeIsAssignedToAnEp]   Gemm (/model.28/decoder/layers.0/self_attn/MatMul)
2025-09-16 05:52:03.228250022 [V:onnxruntime:, session_state.cc:1154 VerifyEachNodeIsAssignedToAnEp]   Gemm (/model.28/decoder/layers.0/self_attn/MatMul_1)
2025-09-16 05:52:03.228255791 [V:onnxruntime:, session_state.cc:1154 VerifyEachNodeIsAssignedToAnEp]   Reshape (/model.28/decoder/layers.0/self_attn/MatMul_post_reshape)
2025-09-16 05:52:03.228263796 [V:onnxruntime:, session_state.cc:1154 VerifyEachNodeIsAssignedToAnEp]   Reshape (/model.28/decoder/layers.0/self_attn/MatMul_1_post_reshape)
2025-09-16 05:52:03.228269511 [V:onnxruntime:, session_state.cc:1154 VerifyEachNodeIsAssignedToAnEp]   Softmax (/model.28/decoder/layers.0/self_attn/Softmax)
2025-09-16 05:52:03.228306803 [V:onnxruntime:, session_state.cc:1154 VerifyEachNodeIsAssignedToAnEp]   Transpose (/model.28/decoder/layers.0/self_attn/Transpose_3)
2025-09-16 05:52:03.228311215 [V:onnxruntime:, session_state.cc:1154 VerifyEachNodeIsAssignedToAnEp]   Reshape (/model.28/decoder/layers.0/self_attn/Reshape_3)
2025-09-16 05:52:03.228315912 [V:onnxruntime:, session_state.cc:1154 VerifyEachNodeIsAssignedToAnEp]   Gemm (/model.28/decoder/layers.0/self_attn/Gemm)
2025-09-16 05:52:03.228321234 [V:onnxruntime:, session_state.cc:1154 VerifyEachNodeIsAssignedToAnEp]   Reshape (/model.28/decoder/layers.0/self_attn/Reshape_4)
2025-09-16 05:52:03.228326699 [V:onnxruntime:, session_state.cc:1154 VerifyEachNodeIsAssignedToAnEp]   Transpose (/model.28/decoder/layers.0/Transpose_2)
2025-09-16 05:52:03.228332526 [V:onnxruntime:, session_state.cc:1154 VerifyEachNodeIsAssignedToAnEp]   Add (/model.28/decoder/layers.0/Add_2)
2025-09-16 05:52:03.228337952 [V:onnxruntime:, session_state.cc:1154 VerifyEachNodeIsAssignedToAnEp]   Reshape (/model.28/decoder/layers.0/cross_attn/sampling_offsets/MatMul_pre_reshape)
2025-09-16 05:52:03.228343433 [V:onnxruntime:, session_state.cc:1154 VerifyEachNodeIsAssignedToAnEp]   Gemm (/model.28/decoder/layers.0/cross_attn/sampling_offsets/MatMul)
2025-09-16 05:52:03.228348761 [V:onnxruntime:, session_state.cc:1154 VerifyEachNodeIsAssignedToAnEp]   Gemm (/model.28/decoder/layers.0/cross_attn/attention_weights/MatMul)
2025-09-16 05:52:03.228354144 [V:onnxruntime:, session_state.cc:1154 VerifyEachNodeIsAssignedToAnEp]   Reshape (/model.28/decoder/layers.0/cross_attn/attention_weights/MatMul_post_reshape)
2025-09-16 05:52:03.228359471 [V:onnxruntime:, session_state.cc:1154 VerifyEachNodeIsAssignedToAnEp]   Reshape (/model.28/decoder/layers.0/cross_attn/sampling_offsets/MatMul_post_reshape)
2025-09-16 05:52:03.228364688 [V:onnxruntime:, session_state.cc:1154 VerifyEachNodeIsAssignedToAnEp]   Softmax (/model.28/decoder/layers.0/cross_attn/Softmax)
2025-09-16 05:52:03.228369762 [V:onnxruntime:, session_state.cc:1154 VerifyEachNodeIsAssignedToAnEp]   Div (/model.28/decoder/layers.0/cross_attn/Div)
2025-09-16 05:52:03.228375020 [V:onnxruntime:, session_state.cc:1154 VerifyEachNodeIsAssignedToAnEp]   Reshape (/model.28/decoder/layers.0/cross_attn/Reshape_3)
2025-09-16 05:52:03.228380207 [V:onnxruntime:, session_state.cc:1154 VerifyEachNodeIsAssignedToAnEp]   Mul (/model.28/decoder/layers.0/cross_attn/Mul)
2025-09-16 05:52:03.228385457 [V:onnxruntime:, session_state.cc:1154 VerifyEachNodeIsAssignedToAnEp]   Mul (/model.28/decoder/layers.0/cross_attn/Mul_1)
2025-09-16 05:52:03.228390370 [V:onnxruntime:, session_state.cc:1154 VerifyEachNodeIsAssignedToAnEp]   Transpose (/model.28/decoder/layers.0/cross_attn/Transpose_6)
2025-09-16 05:52:03.228395424 [V:onnxruntime:, session_state.cc:1154 VerifyEachNodeIsAssignedToAnEp]   Add (/model.28/decoder/layers.0/cross_attn/Add)
2025-09-16 05:52:03.228400566 [V:onnxruntime:, session_state.cc:1154 VerifyEachNodeIsAssignedToAnEp]   Reshape (/model.28/decoder/layers.0/cross_attn/Reshape_13)
2025-09-16 05:52:03.228405848 [V:onnxruntime:, session_state.cc:1154 VerifyEachNodeIsAssignedToAnEp]   Mul (/model.28/decoder/layers.0/cross_attn/Mul_2)
2025-09-16 05:52:03.228411314 [V:onnxruntime:, session_state.cc:1154 VerifyEachNodeIsAssignedToAnEp]   Sub (/model.28/decoder/layers.0/cross_attn/Sub)
2025-09-16 05:52:03.228416504 [V:onnxruntime:, session_state.cc:1154 VerifyEachNodeIsAssignedToAnEp]   Transpose (/model.28/decoder/layers.0/cross_attn/Transpose_1)
2025-09-16 05:52:03.228421380 [V:onnxruntime:, session_state.cc:1154 VerifyEachNodeIsAssignedToAnEp]   Transpose (/model.28/decoder/layers.0/cross_attn/Transpose_3)
2025-09-16 05:52:03.228426508 [V:onnxruntime:, session_state.cc:1154 VerifyEachNodeIsAssignedToAnEp]   Transpose (/model.28/decoder/layers.0/cross_attn/Transpose_5)
2025-09-16 05:52:03.228431872 [V:onnxruntime:, session_state.cc:1154 VerifyEachNodeIsAssignedToAnEp]   Reshape (/model.28/decoder/layers.0/cross_attn/Reshape_6)
2025-09-16 05:52:03.228437034 [V:onnxruntime:, session_state.cc:1154 VerifyEachNodeIsAssignedToAnEp]   Reshape (/model.28/decoder/layers.0/cross_attn/Reshape_9)
2025-09-16 05:52:03.228442063 [V:onnxruntime:, session_state.cc:1154 VerifyEachNodeIsAssignedToAnEp]   Reshape (/model.28/decoder/layers.0/cross_attn/Reshape_12)
2025-09-16 05:52:03.228446973 [V:onnxruntime:, session_state.cc:1154 VerifyEachNodeIsAssignedToAnEp]   GridSample (/model.28/decoder/layers.0/cross_attn/GridSample)
2025-09-16 05:52:03.228451337 [V:onnxruntime:, session_state.cc:1154 VerifyEachNodeIsAssignedToAnEp]   GridSample (/model.28/decoder/layers.0/cross_attn/GridSample_1)
2025-09-16 05:52:03.228456000 [V:onnxruntime:, session_state.cc:1154 VerifyEachNodeIsAssignedToAnEp]   GridSample (/model.28/decoder/layers.0/cross_attn/GridSample_2)
2025-09-16 05:52:03.228460807 [V:onnxruntime:, session_state.cc:1154 VerifyEachNodeIsAssignedToAnEp]   Unsqueeze (/model.28/decoder/layers.0/cross_attn/Unsqueeze_28)
2025-09-16 05:52:03.228465256 [V:onnxruntime:, session_state.cc:1154 VerifyEachNodeIsAssignedToAnEp]   Unsqueeze (/model.28/decoder/layers.0/cross_attn/Unsqueeze_29)
2025-09-16 05:52:03.228470091 [V:onnxruntime:, session_state.cc:1154 VerifyEachNodeIsAssignedToAnEp]   Unsqueeze (/model.28/decoder/layers.0/cross_attn/Unsqueeze_30)
2025-09-16 05:52:03.228474752 [V:onnxruntime:, session_state.cc:1154 VerifyEachNodeIsAssignedToAnEp]   Concat (/model.28/decoder/layers.0/cross_attn/Concat_14)
2025-09-16 05:52:03.228479264 [V:onnxruntime:, session_state.cc:1154 VerifyEachNodeIsAssignedToAnEp]   Reshape (/model.28/decoder/layers.0/cross_attn/Reshape_14)
2025-09-16 05:52:03.228483951 [V:onnxruntime:, session_state.cc:1154 VerifyEachNodeIsAssignedToAnEp]   Mul (/model.28/decoder/layers.0/cross_attn/Mul_5)
2025-09-16 05:52:03.228489035 [V:onnxruntime:, session_state.cc:1154 VerifyEachNodeIsAssignedToAnEp]   ReduceSum (/model.28/decoder/layers.0/cross_attn/ReduceSum)
2025-09-16 05:52:03.228493495 [V:onnxruntime:, session_state.cc:1154 VerifyEachNodeIsAssignedToAnEp]   Reshape (/model.28/decoder/layers.0/cross_attn/Reshape_15)
2025-09-16 05:52:03.228497971 [V:onnxruntime:, session_state.cc:1154 VerifyEachNodeIsAssignedToAnEp]   Transpose (/model.28/decoder/layers.0/cross_attn/Transpose_7)
2025-09-16 05:52:03.228503552 [V:onnxruntime:, session_state.cc:1154 VerifyEachNodeIsAssignedToAnEp]   Reshape (/model.28/decoder/layers.0/cross_attn/output_proj/MatMul_pre_reshape)
2025-09-16 05:52:03.228508587 [V:onnxruntime:, session_state.cc:1154 VerifyEachNodeIsAssignedToAnEp]   Gemm (/model.28/decoder/layers.0/cross_attn/output_proj/MatMul)
2025-09-16 05:52:03.228513587 [V:onnxruntime:, session_state.cc:1154 VerifyEachNodeIsAssignedToAnEp]   Reshape (/model.28/decoder/layers.0/cross_attn/output_proj/MatMul_post_reshape)
2025-09-16 05:52:03.228518676 [V:onnxruntime:, session_state.cc:1154 VerifyEachNodeIsAssignedToAnEp]   Reshape (/model.28/decoder/layers.0/linear1/MatMul_pre_reshape)
2025-09-16 05:52:03.228523841 [V:onnxruntime:, session_state.cc:1154 VerifyEachNodeIsAssignedToAnEp]   Gemm (/model.28/decoder/layers.0/linear1/MatMul)
2025-09-16 05:52:03.228529213 [V:onnxruntime:, session_state.cc:1154 VerifyEachNodeIsAssignedToAnEp]   Reshape (/model.28/decoder/layers.0/linear1/MatMul_post_reshape)
2025-09-16 05:52:03.228534199 [V:onnxruntime:, session_state.cc:1154 VerifyEachNodeIsAssignedToAnEp]   Relu (/model.28/decoder/layers.0/act/Relu)
2025-09-16 05:52:03.228539632 [V:onnxruntime:, session_state.cc:1154 VerifyEachNodeIsAssignedToAnEp]   Reshape (/model.28/decoder/layers.0/linear2/MatMul_pre_reshape)
2025-09-16 05:52:03.228544648 [V:onnxruntime:, session_state.cc:1154 VerifyEachNodeIsAssignedToAnEp]   Gemm (/model.28/decoder/layers.0/linear2/MatMul)
2025-09-16 05:52:03.228549376 [V:onnxruntime:, session_state.cc:1154 VerifyEachNodeIsAssignedToAnEp]   Reshape (/model.28/decoder/layers.0/linear2/MatMul_post_reshape)
2025-09-16 05:52:03.228554616 [V:onnxruntime:, session_state.cc:1154 VerifyEachNodeIsAssignedToAnEp]   Transpose (/model.28/decoder/layers.1/Transpose_1)
2025-09-16 05:52:03.228559958 [V:onnxruntime:, session_state.cc:1154 VerifyEachNodeIsAssignedToAnEp]   Reshape (/model.28/decoder/dec_bbox_head.0/layers.0/MatMul_pre_reshape)
2025-09-16 05:52:03.228565246 [V:onnxruntime:, session_state.cc:1154 VerifyEachNodeIsAssignedToAnEp]   Gemm (/model.28/decoder/dec_bbox_head.0/layers.0/MatMul)
2025-09-16 05:52:03.228570665 [V:onnxruntime:, session_state.cc:1154 VerifyEachNodeIsAssignedToAnEp]   Reshape (/model.28/decoder/layers.1/self_attn/MatMul_2_pre_reshape)
2025-09-16 05:52:03.228575878 [V:onnxruntime:, session_state.cc:1154 VerifyEachNodeIsAssignedToAnEp]   Reshape (/model.28/decoder/dec_bbox_head.0/layers.0/MatMul_post_reshape)
2025-09-16 05:52:03.228581066 [V:onnxruntime:, session_state.cc:1154 VerifyEachNodeIsAssignedToAnEp]   Gemm (/model.28/decoder/layers.1/self_attn/MatMul_2)
2025-09-16 05:52:03.228585620 [V:onnxruntime:, session_state.cc:1154 VerifyEachNodeIsAssignedToAnEp]   Relu (/model.28/decoder/dec_bbox_head.0/Relu)
2025-09-16 05:52:03.228591448 [V:onnxruntime:, session_state.cc:1154 VerifyEachNodeIsAssignedToAnEp]   Reshape (/model.28/decoder/layers.1/self_attn/MatMul_2_post_reshape)
2025-09-16 05:52:03.228596584 [V:onnxruntime:, session_state.cc:1154 VerifyEachNodeIsAssignedToAnEp]   Reshape (/model.28/decoder/dec_bbox_head.0/layers.1/MatMul_pre_reshape)
2025-09-16 05:52:03.228601156 [V:onnxruntime:, session_state.cc:1154 VerifyEachNodeIsAssignedToAnEp]   Gemm (/model.28/decoder/dec_bbox_head.0/layers.1/MatMul)
2025-09-16 05:52:03.228605830 [V:onnxruntime:, session_state.cc:1154 VerifyEachNodeIsAssignedToAnEp]   Reshape (/model.28/decoder/dec_bbox_head.0/layers.1/MatMul_post_reshape)
2025-09-16 05:52:03.228611008 [V:onnxruntime:, session_state.cc:1154 VerifyEachNodeIsAssignedToAnEp]   Relu (/model.28/decoder/dec_bbox_head.0/Relu_1)
2025-09-16 05:52:03.228615508 [V:onnxruntime:, session_state.cc:1154 VerifyEachNodeIsAssignedToAnEp]   Reshape (/model.28/decoder/dec_bbox_head.0/layers.2/MatMul_pre_reshape)
2025-09-16 05:52:03.228619906 [V:onnxruntime:, session_state.cc:1154 VerifyEachNodeIsAssignedToAnEp]   Gemm (/model.28/decoder/dec_bbox_head.0/layers.2/MatMul)
2025-09-16 05:52:03.228625192 [V:onnxruntime:, session_state.cc:1154 VerifyEachNodeIsAssignedToAnEp]   Reshape (/model.28/decoder/dec_bbox_head.0/layers.2/MatMul_post_reshape)
2025-09-16 05:52:03.228630133 [V:onnxruntime:, session_state.cc:1154 VerifyEachNodeIsAssignedToAnEp]   Add (/model.28/decoder/Add)
2025-09-16 05:52:03.228635286 [V:onnxruntime:, session_state.cc:1154 VerifyEachNodeIsAssignedToAnEp]   Sigmoid (/model.28/decoder/Sigmoid_1)
2025-09-16 05:52:03.228640558 [V:onnxruntime:, session_state.cc:1154 VerifyEachNodeIsAssignedToAnEp]   Clip (/model.28/decoder/Clip_3)
2025-09-16 05:52:03.228645568 [V:onnxruntime:, session_state.cc:1154 VerifyEachNodeIsAssignedToAnEp]   Unsqueeze (/model.28/decoder/layers.1/Unsqueeze)
2025-09-16 05:52:03.228650966 [V:onnxruntime:, session_state.cc:1154 VerifyEachNodeIsAssignedToAnEp]   Reshape (/model.28/decoder/query_pos_head/layers.0_1/MatMul_pre_reshape)
2025-09-16 05:52:03.228656346 [V:onnxruntime:, session_state.cc:1154 VerifyEachNodeIsAssignedToAnEp]   Clip (/model.28/decoder/Clip_4)
2025-09-16 05:52:03.228661523 [V:onnxruntime:, session_state.cc:1154 VerifyEachNodeIsAssignedToAnEp]   Sub (/model.28/decoder/Sub_1)
2025-09-16 05:52:03.228666339 [V:onnxruntime:, session_state.cc:1154 VerifyEachNodeIsAssignedToAnEp]   Gemm (/model.28/decoder/query_pos_head/layers.0_1/MatMul)
2025-09-16 05:52:03.228671242 [V:onnxruntime:, session_state.cc:1154 VerifyEachNodeIsAssignedToAnEp]   Reshape (/model.28/decoder/query_pos_head/layers.0_1/MatMul_post_reshape)
2025-09-16 05:52:03.228676423 [V:onnxruntime:, session_state.cc:1154 VerifyEachNodeIsAssignedToAnEp]   Clip (/model.28/decoder/Clip_5)
2025-09-16 05:52:03.228681491 [V:onnxruntime:, session_state.cc:1154 VerifyEachNodeIsAssignedToAnEp]   Relu (/model.28/decoder/query_pos_head_1/Relu)
2025-09-16 05:52:03.228686482 [V:onnxruntime:, session_state.cc:1154 VerifyEachNodeIsAssignedToAnEp]   Div (/model.28/decoder/Div_1)
2025-09-16 05:52:03.228691994 [V:onnxruntime:, session_state.cc:1154 VerifyEachNodeIsAssignedToAnEp]   Log (/model.28/decoder/Log_1)
2025-09-16 05:52:03.228697640 [V:onnxruntime:, session_state.cc:1154 VerifyEachNodeIsAssignedToAnEp]   Reshape (/model.28/decoder/query_pos_head/layers.1_1/MatMul_pre_reshape)
2025-09-16 05:52:03.228703216 [V:onnxruntime:, session_state.cc:1154 VerifyEachNodeIsAssignedToAnEp]   Gemm (/model.28/decoder/query_pos_head/layers.1_1/MatMul)
2025-09-16 05:52:03.228708506 [V:onnxruntime:, session_state.cc:1154 VerifyEachNodeIsAssignedToAnEp]   Reshape (/model.28/decoder/query_pos_head/layers.1_1/MatMul_post_reshape)
2025-09-16 05:52:03.228713602 [V:onnxruntime:, session_state.cc:1154 VerifyEachNodeIsAssignedToAnEp]   Add (/model.28/decoder/layers.1/Add)
2025-09-16 05:52:03.228718907 [V:onnxruntime:, session_state.cc:1154 VerifyEachNodeIsAssignedToAnEp]   Transpose (/model.28/decoder/layers.1/Transpose)
2025-09-16 05:52:03.228724344 [V:onnxruntime:, session_state.cc:1154 VerifyEachNodeIsAssignedToAnEp]   Reshape (/model.28/decoder/layers.1/self_attn/MatMul_pre_reshape)
2025-09-16 05:52:03.228729147 [V:onnxruntime:, session_state.cc:1154 VerifyEachNodeIsAssignedToAnEp]   Gemm (/model.28/decoder/layers.1/self_attn/MatMul)
2025-09-16 05:52:03.228734396 [V:onnxruntime:, session_state.cc:1154 VerifyEachNodeIsAssignedToAnEp]   Gemm (/model.28/decoder/layers.1/self_attn/MatMul_1)
2025-09-16 05:52:03.228739335 [V:onnxruntime:, session_state.cc:1154 VerifyEachNodeIsAssignedToAnEp]   Reshape (/model.28/decoder/layers.1/self_attn/MatMul_post_reshape)
2025-09-16 05:52:03.228744587 [V:onnxruntime:, session_state.cc:1154 VerifyEachNodeIsAssignedToAnEp]   Reshape (/model.28/decoder/layers.1/self_attn/MatMul_1_post_reshape)
2025-09-16 05:52:03.228749845 [V:onnxruntime:, session_state.cc:1154 VerifyEachNodeIsAssignedToAnEp]   Softmax (/model.28/decoder/layers.1/self_attn/Softmax)
2025-09-16 05:52:03.228754898 [V:onnxruntime:, session_state.cc:1154 VerifyEachNodeIsAssignedToAnEp]   Transpose (/model.28/decoder/layers.1/self_attn/Transpose_3)
2025-09-16 05:52:03.228760175 [V:onnxruntime:, session_state.cc:1154 VerifyEachNodeIsAssignedToAnEp]   Reshape (/model.28/decoder/layers.1/self_attn/Reshape_3)
2025-09-16 05:52:03.228765518 [V:onnxruntime:, session_state.cc:1154 VerifyEachNodeIsAssignedToAnEp]   Gemm (/model.28/decoder/layers.1/self_attn/Gemm)
2025-09-16 05:52:03.228770640 [V:onnxruntime:, session_state.cc:1154 VerifyEachNodeIsAssignedToAnEp]   Reshape (/model.28/decoder/layers.1/self_attn/Reshape_4)
2025-09-16 05:52:03.228775719 [V:onnxruntime:, session_state.cc:1154 VerifyEachNodeIsAssignedToAnEp]   Transpose (/model.28/decoder/layers.1/Transpose_2)
2025-09-16 05:52:03.228780987 [V:onnxruntime:, session_state.cc:1154 VerifyEachNodeIsAssignedToAnEp]   Add (/model.28/decoder/layers.1/Add_2)
2025-09-16 05:52:03.228786361 [V:onnxruntime:, session_state.cc:1154 VerifyEachNodeIsAssignedToAnEp]   Reshape (/model.28/decoder/layers.1/cross_attn/sampling_offsets/MatMul_pre_reshape)
2025-09-16 05:52:03.228791330 [V:onnxruntime:, session_state.cc:1154 VerifyEachNodeIsAssignedToAnEp]   Gemm (/model.28/decoder/layers.1/cross_attn/sampling_offsets/MatMul)
2025-09-16 05:52:03.228796636 [V:onnxruntime:, session_state.cc:1154 VerifyEachNodeIsAssignedToAnEp]   Gemm (/model.28/decoder/layers.1/cross_attn/attention_weights/MatMul)
2025-09-16 05:52:03.228801896 [V:onnxruntime:, session_state.cc:1154 VerifyEachNodeIsAssignedToAnEp]   Reshape (/model.28/decoder/layers.1/cross_attn/attention_weights/MatMul_post_reshape)
2025-09-16 05:52:03.228806593 [V:onnxruntime:, session_state.cc:1154 VerifyEachNodeIsAssignedToAnEp]   Reshape (/model.28/decoder/layers.1/cross_attn/sampling_offsets/MatMul_post_reshape)
2025-09-16 05:52:03.228811418 [V:onnxruntime:, session_state.cc:1154 VerifyEachNodeIsAssignedToAnEp]   Softmax (/model.28/decoder/layers.1/cross_attn/Softmax)
2025-09-16 05:52:03.228816423 [V:onnxruntime:, session_state.cc:1154 VerifyEachNodeIsAssignedToAnEp]   Div (/model.28/decoder/layers.1/cross_attn/Div)
2025-09-16 05:52:03.228821275 [V:onnxruntime:, session_state.cc:1154 VerifyEachNodeIsAssignedToAnEp]   Reshape (/model.28/decoder/layers.1/cross_attn/Reshape_3)
2025-09-16 05:52:03.228825843 [V:onnxruntime:, session_state.cc:1154 VerifyEachNodeIsAssignedToAnEp]   Mul (/model.28/decoder/layers.1/cross_attn/Mul)
2025-09-16 05:52:03.228830269 [V:onnxruntime:, session_state.cc:1154 VerifyEachNodeIsAssignedToAnEp]   Mul (/model.28/decoder/layers.1/cross_attn/Mul_1)
2025-09-16 05:52:03.228835320 [V:onnxruntime:, session_state.cc:1154 VerifyEachNodeIsAssignedToAnEp]   Transpose (/model.28/decoder/layers.1/cross_attn/Transpose_6)
2025-09-16 05:52:03.228840535 [V:onnxruntime:, session_state.cc:1154 VerifyEachNodeIsAssignedToAnEp]   Add (/model.28/decoder/layers.1/cross_attn/Add)
2025-09-16 05:52:03.228845910 [V:onnxruntime:, session_state.cc:1154 VerifyEachNodeIsAssignedToAnEp]   Reshape (/model.28/decoder/layers.1/cross_attn/Reshape_13)
2025-09-16 05:52:03.228851135 [V:onnxruntime:, session_state.cc:1154 VerifyEachNodeIsAssignedToAnEp]   Mul (/model.28/decoder/layers.1/cross_attn/Mul_2)
2025-09-16 05:52:03.228855880 [V:onnxruntime:, session_state.cc:1154 VerifyEachNodeIsAssignedToAnEp]   Sub (/model.28/decoder/layers.1/cross_attn/Sub)
2025-09-16 05:52:03.228860833 [V:onnxruntime:, session_state.cc:1154 VerifyEachNodeIsAssignedToAnEp]   Transpose (/model.28/decoder/layers.1/cross_attn/Transpose_1)
2025-09-16 05:52:03.228866216 [V:onnxruntime:, session_state.cc:1154 VerifyEachNodeIsAssignedToAnEp]   Transpose (/model.28/decoder/layers.1/cross_attn/Transpose_3)
2025-09-16 05:52:03.228871387 [V:onnxruntime:, session_state.cc:1154 VerifyEachNodeIsAssignedToAnEp]   Transpose (/model.28/decoder/layers.1/cross_attn/Transpose_5)
2025-09-16 05:52:03.228876732 [V:onnxruntime:, session_state.cc:1154 VerifyEachNodeIsAssignedToAnEp]   Reshape (/model.28/decoder/layers.1/cross_attn/Reshape_6)
2025-09-16 05:52:03.228881670 [V:onnxruntime:, session_state.cc:1154 VerifyEachNodeIsAssignedToAnEp]   Reshape (/model.28/decoder/layers.1/cross_attn/Reshape_9)
2025-09-16 05:52:03.228887039 [V:onnxruntime:, session_state.cc:1154 VerifyEachNodeIsAssignedToAnEp]   Reshape (/model.28/decoder/layers.1/cross_attn/Reshape_12)
2025-09-16 05:52:03.228892199 [V:onnxruntime:, session_state.cc:1154 VerifyEachNodeIsAssignedToAnEp]   GridSample (/model.28/decoder/layers.1/cross_attn/GridSample)
2025-09-16 05:52:03.228897290 [V:onnxruntime:, session_state.cc:1154 VerifyEachNodeIsAssignedToAnEp]   GridSample (/model.28/decoder/layers.1/cross_attn/GridSample_1)
2025-09-16 05:52:03.228902027 [V:onnxruntime:, session_state.cc:1154 VerifyEachNodeIsAssignedToAnEp]   GridSample (/model.28/decoder/layers.1/cross_attn/GridSample_2)
2025-09-16 05:52:03.228907121 [V:onnxruntime:, session_state.cc:1154 VerifyEachNodeIsAssignedToAnEp]   Unsqueeze (/model.28/decoder/layers.1/cross_attn/Unsqueeze_28)
2025-09-16 05:52:03.228912245 [V:onnxruntime:, session_state.cc:1154 VerifyEachNodeIsAssignedToAnEp]   Unsqueeze (/model.28/decoder/layers.1/cross_attn/Unsqueeze_29)
2025-09-16 05:52:03.228917678 [V:onnxruntime:, session_state.cc:1154 VerifyEachNodeIsAssignedToAnEp]   Unsqueeze (/model.28/decoder/layers.1/cross_attn/Unsqueeze_30)
2025-09-16 05:52:03.228922929 [V:onnxruntime:, session_state.cc:1154 VerifyEachNodeIsAssignedToAnEp]   Concat (/model.28/decoder/layers.1/cross_attn/Concat_14)
2025-09-16 05:52:03.228928066 [V:onnxruntime:, session_state.cc:1154 VerifyEachNodeIsAssignedToAnEp]   Reshape (/model.28/decoder/layers.1/cross_attn/Reshape_14)
2025-09-16 05:52:03.228933247 [V:onnxruntime:, session_state.cc:1154 VerifyEachNodeIsAssignedToAnEp]   Mul (/model.28/decoder/layers.1/cross_attn/Mul_5)
2025-09-16 05:52:03.228938517 [V:onnxruntime:, session_state.cc:1154 VerifyEachNodeIsAssignedToAnEp]   ReduceSum (/model.28/decoder/layers.1/cross_attn/ReduceSum)
2025-09-16 05:52:03.228943847 [V:onnxruntime:, session_state.cc:1154 VerifyEachNodeIsAssignedToAnEp]   Reshape (/model.28/decoder/layers.1/cross_attn/Reshape_15)
2025-09-16 05:52:03.228949121 [V:onnxruntime:, session_state.cc:1154 VerifyEachNodeIsAssignedToAnEp]   Transpose (/model.28/decoder/layers.1/cross_attn/Transpose_7)
2025-09-16 05:52:03.228953587 [V:onnxruntime:, session_state.cc:1154 VerifyEachNodeIsAssignedToAnEp]   Reshape (/model.28/decoder/layers.1/cross_attn/output_proj/MatMul_pre_reshape)
2025-09-16 05:52:03.228958595 [V:onnxruntime:, session_state.cc:1154 VerifyEachNodeIsAssignedToAnEp]   Gemm (/model.28/decoder/layers.1/cross_attn/output_proj/MatMul)
2025-09-16 05:52:03.228963794 [V:onnxruntime:, session_state.cc:1154 VerifyEachNodeIsAssignedToAnEp]   Reshape (/model.28/decoder/layers.1/cross_attn/output_proj/MatMul_post_reshape)
2025-09-16 05:52:03.228968777 [V:onnxruntime:, session_state.cc:1154 VerifyEachNodeIsAssignedToAnEp]   Reshape (/model.28/decoder/layers.1/linear1/MatMul_pre_reshape)
2025-09-16 05:52:03.228973354 [V:onnxruntime:, session_state.cc:1154 VerifyEachNodeIsAssignedToAnEp]   Gemm (/model.28/decoder/layers.1/linear1/MatMul)
2025-09-16 05:52:03.228977997 [V:onnxruntime:, session_state.cc:1154 VerifyEachNodeIsAssignedToAnEp]   Reshape (/model.28/decoder/layers.1/linear1/MatMul_post_reshape)
2025-09-16 05:52:03.228982778 [V:onnxruntime:, session_state.cc:1154 VerifyEachNodeIsAssignedToAnEp]   Relu (/model.28/decoder/layers.1/act/Relu)
2025-09-16 05:52:03.228987311 [V:onnxruntime:, session_state.cc:1154 VerifyEachNodeIsAssignedToAnEp]   Reshape (/model.28/decoder/layers.1/linear2/MatMul_pre_reshape)
2025-09-16 05:52:03.228992358 [V:onnxruntime:, session_state.cc:1154 VerifyEachNodeIsAssignedToAnEp]   Gemm (/model.28/decoder/layers.1/linear2/MatMul)
2025-09-16 05:52:03.228997451 [V:onnxruntime:, session_state.cc:1154 VerifyEachNodeIsAssignedToAnEp]   Reshape (/model.28/decoder/layers.1/linear2/MatMul_post_reshape)
2025-09-16 05:52:03.229002144 [V:onnxruntime:, session_state.cc:1154 VerifyEachNodeIsAssignedToAnEp]   Transpose (/model.28/decoder/layers.2/Transpose_1)
2025-09-16 05:52:03.229007223 [V:onnxruntime:, session_state.cc:1154 VerifyEachNodeIsAssignedToAnEp]   Reshape (/model.28/decoder/dec_bbox_head.1/layers.0/MatMul_pre_reshape)
2025-09-16 05:52:03.229012833 [V:onnxruntime:, session_state.cc:1154 VerifyEachNodeIsAssignedToAnEp]   Gemm (/model.28/decoder/dec_bbox_head.1/layers.0/MatMul)
2025-09-16 05:52:03.229017875 [V:onnxruntime:, session_state.cc:1154 VerifyEachNodeIsAssignedToAnEp]   Reshape (/model.28/decoder/layers.2/self_attn/MatMul_2_pre_reshape)
2025-09-16 05:52:03.229023428 [V:onnxruntime:, session_state.cc:1154 VerifyEachNodeIsAssignedToAnEp]   Reshape (/model.28/decoder/dec_bbox_head.1/layers.0/MatMul_post_reshape)
2025-09-16 05:52:03.229028440 [V:onnxruntime:, session_state.cc:1154 VerifyEachNodeIsAssignedToAnEp]   Gemm (/model.28/decoder/layers.2/self_attn/MatMul_2)
2025-09-16 05:52:03.229033462 [V:onnxruntime:, session_state.cc:1154 VerifyEachNodeIsAssignedToAnEp]   Relu (/model.28/decoder/dec_bbox_head.1/Relu)
2025-09-16 05:52:03.229038660 [V:onnxruntime:, session_state.cc:1154 VerifyEachNodeIsAssignedToAnEp]   Reshape (/model.28/decoder/layers.2/self_attn/MatMul_2_post_reshape)
2025-09-16 05:52:03.229044053 [V:onnxruntime:, session_state.cc:1154 VerifyEachNodeIsAssignedToAnEp]   Reshape (/model.28/decoder/dec_bbox_head.1/layers.1/MatMul_pre_reshape)
2025-09-16 05:52:03.229049147 [V:onnxruntime:, session_state.cc:1154 VerifyEachNodeIsAssignedToAnEp]   Gemm (/model.28/decoder/dec_bbox_head.1/layers.1/MatMul)
2025-09-16 05:52:03.229054259 [V:onnxruntime:, session_state.cc:1154 VerifyEachNodeIsAssignedToAnEp]   Reshape (/model.28/decoder/dec_bbox_head.1/layers.1/MatMul_post_reshape)
2025-09-16 05:52:03.229059477 [V:onnxruntime:, session_state.cc:1154 VerifyEachNodeIsAssignedToAnEp]   Relu (/model.28/decoder/dec_bbox_head.1/Relu_1)
2025-09-16 05:52:03.229064842 [V:onnxruntime:, session_state.cc:1154 VerifyEachNodeIsAssignedToAnEp]   Reshape (/model.28/decoder/dec_bbox_head.1/layers.2/MatMul_pre_reshape)
2025-09-16 05:52:03.229069801 [V:onnxruntime:, session_state.cc:1154 VerifyEachNodeIsAssignedToAnEp]   Gemm (/model.28/decoder/dec_bbox_head.1/layers.2/MatMul)
2025-09-16 05:52:03.229074396 [V:onnxruntime:, session_state.cc:1154 VerifyEachNodeIsAssignedToAnEp]   Reshape (/model.28/decoder/dec_bbox_head.1/layers.2/MatMul_post_reshape)
2025-09-16 05:52:03.229079589 [V:onnxruntime:, session_state.cc:1154 VerifyEachNodeIsAssignedToAnEp]   Add (/model.28/decoder/Add_1)
2025-09-16 05:52:03.229084499 [V:onnxruntime:, session_state.cc:1154 VerifyEachNodeIsAssignedToAnEp]   Sigmoid (/model.28/decoder/Sigmoid_2)
2025-09-16 05:52:03.229089422 [V:onnxruntime:, session_state.cc:1154 VerifyEachNodeIsAssignedToAnEp]   Clip (/model.28/decoder/Clip_6)
2025-09-16 05:52:03.229094386 [V:onnxruntime:, session_state.cc:1154 VerifyEachNodeIsAssignedToAnEp]   Unsqueeze (/model.28/decoder/layers.2/Unsqueeze)
2025-09-16 05:52:03.229099281 [V:onnxruntime:, session_state.cc:1154 VerifyEachNodeIsAssignedToAnEp]   Reshape (/model.28/decoder/query_pos_head/layers.0_2/MatMul_pre_reshape)
2025-09-16 05:52:03.229104205 [V:onnxruntime:, session_state.cc:1154 VerifyEachNodeIsAssignedToAnEp]   Clip (/model.28/decoder/Clip_7)
2025-09-16 05:52:03.229108962 [V:onnxruntime:, session_state.cc:1154 VerifyEachNodeIsAssignedToAnEp]   Sub (/model.28/decoder/Sub_2)
2025-09-16 05:52:03.229113540 [V:onnxruntime:, session_state.cc:1154 VerifyEachNodeIsAssignedToAnEp]   Gemm (/model.28/decoder/query_pos_head/layers.0_2/MatMul)
2025-09-16 05:52:03.229118086 [V:onnxruntime:, session_state.cc:1154 VerifyEachNodeIsAssignedToAnEp]   Reshape (/model.28/decoder/query_pos_head/layers.0_2/MatMul_post_reshape)
2025-09-16 05:52:03.229122468 [V:onnxruntime:, session_state.cc:1154 VerifyEachNodeIsAssignedToAnEp]   Clip (/model.28/decoder/Clip_8)
2025-09-16 05:52:03.229127475 [V:onnxruntime:, session_state.cc:1154 VerifyEachNodeIsAssignedToAnEp]   Relu (/model.28/decoder/query_pos_head_2/Relu)
2025-09-16 05:52:03.229132081 [V:onnxruntime:, session_state.cc:1154 VerifyEachNodeIsAssignedToAnEp]   Div (/model.28/decoder/Div_2)
2025-09-16 05:52:03.229137903 [V:onnxruntime:, session_state.cc:1154 VerifyEachNodeIsAssignedToAnEp]   Log (/model.28/decoder/Log_2)
2025-09-16 05:52:03.229142889 [V:onnxruntime:, session_state.cc:1154 VerifyEachNodeIsAssignedToAnEp]   Reshape (/model.28/decoder/query_pos_head/layers.1_2/MatMul_pre_reshape)
2025-09-16 05:52:03.229148129 [V:onnxruntime:, session_state.cc:1154 VerifyEachNodeIsAssignedToAnEp]   Gemm (/model.28/decoder/query_pos_head/layers.1_2/MatMul)
2025-09-16 05:52:03.229153434 [V:onnxruntime:, session_state.cc:1154 VerifyEachNodeIsAssignedToAnEp]   Reshape (/model.28/decoder/query_pos_head/layers.1_2/MatMul_post_reshape)
2025-09-16 05:52:03.229158603 [V:onnxruntime:, session_state.cc:1154 VerifyEachNodeIsAssignedToAnEp]   Add (/model.28/decoder/layers.2/Add)
2025-09-16 05:52:03.229163646 [V:onnxruntime:, session_state.cc:1154 VerifyEachNodeIsAssignedToAnEp]   Transpose (/model.28/decoder/layers.2/Transpose)
2025-09-16 05:52:03.229168679 [V:onnxruntime:, session_state.cc:1154 VerifyEachNodeIsAssignedToAnEp]   Reshape (/model.28/decoder/layers.2/self_attn/MatMul_pre_reshape)
2025-09-16 05:52:03.229174077 [V:onnxruntime:, session_state.cc:1154 VerifyEachNodeIsAssignedToAnEp]   Gemm (/model.28/decoder/layers.2/self_attn/MatMul)
2025-09-16 05:52:03.229179300 [V:onnxruntime:, session_state.cc:1154 VerifyEachNodeIsAssignedToAnEp]   Gemm (/model.28/decoder/layers.2/self_attn/MatMul_1)
2025-09-16 05:52:03.229184668 [V:onnxruntime:, session_state.cc:1154 VerifyEachNodeIsAssignedToAnEp]   Reshape (/model.28/decoder/layers.2/self_attn/MatMul_post_reshape)
2025-09-16 05:52:03.229189795 [V:onnxruntime:, session_state.cc:1154 VerifyEachNodeIsAssignedToAnEp]   Reshape (/model.28/decoder/layers.2/self_attn/MatMul_1_post_reshape)
2025-09-16 05:52:03.229195175 [V:onnxruntime:, session_state.cc:1154 VerifyEachNodeIsAssignedToAnEp]   Softmax (/model.28/decoder/layers.2/self_attn/Softmax)
2025-09-16 05:52:03.229200179 [V:onnxruntime:, session_state.cc:1154 VerifyEachNodeIsAssignedToAnEp]   Transpose (/model.28/decoder/layers.2/self_attn/Transpose_3)
2025-09-16 05:52:03.229205436 [V:onnxruntime:, session_state.cc:1154 VerifyEachNodeIsAssignedToAnEp]   Reshape (/model.28/decoder/layers.2/self_attn/Reshape_3)
2025-09-16 05:52:03.229210606 [V:onnxruntime:, session_state.cc:1154 VerifyEachNodeIsAssignedToAnEp]   Gemm (/model.28/decoder/layers.2/self_attn/Gemm)
2025-09-16 05:52:03.229214928 [V:onnxruntime:, session_state.cc:1154 VerifyEachNodeIsAssignedToAnEp]   Reshape (/model.28/decoder/layers.2/self_attn/Reshape_4)
2025-09-16 05:52:03.229219768 [V:onnxruntime:, session_state.cc:1154 VerifyEachNodeIsAssignedToAnEp]   Transpose (/model.28/decoder/layers.2/Transpose_2)
2025-09-16 05:52:03.229224234 [V:onnxruntime:, session_state.cc:1154 VerifyEachNodeIsAssignedToAnEp]   Add (/model.28/decoder/layers.2/Add_2)
2025-09-16 05:52:03.229228421 [V:onnxruntime:, session_state.cc:1154 VerifyEachNodeIsAssignedToAnEp]   Reshape (/model.28/decoder/layers.2/cross_attn/sampling_offsets/MatMul_pre_reshape)
2025-09-16 05:52:03.229232754 [V:onnxruntime:, session_state.cc:1154 VerifyEachNodeIsAssignedToAnEp]   Gemm (/model.28/decoder/layers.2/cross_attn/sampling_offsets/MatMul)
2025-09-16 05:52:03.229236918 [V:onnxruntime:, session_state.cc:1154 VerifyEachNodeIsAssignedToAnEp]   Gemm (/model.28/decoder/layers.2/cross_attn/attention_weights/MatMul)
2025-09-16 05:52:03.229241156 [V:onnxruntime:, session_state.cc:1154 VerifyEachNodeIsAssignedToAnEp]   Reshape (/model.28/decoder/layers.2/cross_attn/attention_weights/MatMul_post_reshape)
2025-09-16 05:52:03.229245950 [V:onnxruntime:, session_state.cc:1154 VerifyEachNodeIsAssignedToAnEp]   Reshape (/model.28/decoder/layers.2/cross_attn/sampling_offsets/MatMul_post_reshape)
2025-09-16 05:52:03.229250017 [V:onnxruntime:, session_state.cc:1154 VerifyEachNodeIsAssignedToAnEp]   Softmax (/model.28/decoder/layers.2/cross_attn/Softmax)
2025-09-16 05:52:03.229254997 [V:onnxruntime:, session_state.cc:1154 VerifyEachNodeIsAssignedToAnEp]   Div (/model.28/decoder/layers.2/cross_attn/Div)
2025-09-16 05:52:03.229259863 [V:onnxruntime:, session_state.cc:1154 VerifyEachNodeIsAssignedToAnEp]   Reshape (/model.28/decoder/layers.2/cross_attn/Reshape_3)
2025-09-16 05:52:03.229265035 [V:onnxruntime:, session_state.cc:1154 VerifyEachNodeIsAssignedToAnEp]   Mul (/model.28/decoder/layers.2/cross_attn/Mul)
2025-09-16 05:52:03.229270097 [V:onnxruntime:, session_state.cc:1154 VerifyEachNodeIsAssignedToAnEp]   Mul (/model.28/decoder/layers.2/cross_attn/Mul_1)
2025-09-16 05:52:03.229274929 [V:onnxruntime:, session_state.cc:1154 VerifyEachNodeIsAssignedToAnEp]   Transpose (/model.28/decoder/layers.2/cross_attn/Transpose_6)
2025-09-16 05:52:03.229279895 [V:onnxruntime:, session_state.cc:1154 VerifyEachNodeIsAssignedToAnEp]   Add (/model.28/decoder/layers.2/cross_attn/Add)
2025-09-16 05:52:03.229285516 [V:onnxruntime:, session_state.cc:1154 VerifyEachNodeIsAssignedToAnEp]   Reshape (/model.28/decoder/layers.2/cross_attn/Reshape_13)
2025-09-16 05:52:03.229291166 [V:onnxruntime:, session_state.cc:1154 VerifyEachNodeIsAssignedToAnEp]   Mul (/model.28/decoder/layers.2/cross_attn/Mul_2)
2025-09-16 05:52:03.229296924 [V:onnxruntime:, session_state.cc:1154 VerifyEachNodeIsAssignedToAnEp]   Sub (/model.28/decoder/layers.2/cross_attn/Sub)
2025-09-16 05:52:03.229302755 [V:onnxruntime:, session_state.cc:1154 VerifyEachNodeIsAssignedToAnEp]   Transpose (/model.28/decoder/layers.2/cross_attn/Transpose_1)
2025-09-16 05:52:03.229308528 [V:onnxruntime:, session_state.cc:1154 VerifyEachNodeIsAssignedToAnEp]   Transpose (/model.28/decoder/layers.2/cross_attn/Transpose_3)
2025-09-16 05:52:03.229314144 [V:onnxruntime:, session_state.cc:1154 VerifyEachNodeIsAssignedToAnEp]   Transpose (/model.28/decoder/layers.2/cross_attn/Transpose_5)
2025-09-16 05:52:03.229319895 [V:onnxruntime:, session_state.cc:1154 VerifyEachNodeIsAssignedToAnEp]   Reshape (/model.28/decoder/layers.2/cross_attn/Reshape_6)
2025-09-16 05:52:03.229325654 [V:onnxruntime:, session_state.cc:1154 VerifyEachNodeIsAssignedToAnEp]   Reshape (/model.28/decoder/layers.2/cross_attn/Reshape_9)
2025-09-16 05:52:03.229331223 [V:onnxruntime:, session_state.cc:1154 VerifyEachNodeIsAssignedToAnEp]   Reshape (/model.28/decoder/layers.2/cross_attn/Reshape_12)
2025-09-16 05:52:03.229336215 [V:onnxruntime:, session_state.cc:1154 VerifyEachNodeIsAssignedToAnEp]   GridSample (/model.28/decoder/layers.2/cross_attn/GridSample)
2025-09-16 05:52:03.229341496 [V:onnxruntime:, session_state.cc:1154 VerifyEachNodeIsAssignedToAnEp]   GridSample (/model.28/decoder/layers.2/cross_attn/GridSample_1)
2025-09-16 05:52:03.229347101 [V:onnxruntime:, session_state.cc:1154 VerifyEachNodeIsAssignedToAnEp]   GridSample (/model.28/decoder/layers.2/cross_attn/GridSample_2)
2025-09-16 05:52:03.229352766 [V:onnxruntime:, session_state.cc:1154 VerifyEachNodeIsAssignedToAnEp]   Unsqueeze (/model.28/decoder/layers.2/cross_attn/Unsqueeze_28)
2025-09-16 05:52:03.229361470 [V:onnxruntime:, session_state.cc:1154 VerifyEachNodeIsAssignedToAnEp]   Unsqueeze (/model.28/decoder/layers.2/cross_attn/Unsqueeze_29)
2025-09-16 05:52:03.229365559 [V:onnxruntime:, session_state.cc:1154 VerifyEachNodeIsAssignedToAnEp]   Unsqueeze (/model.28/decoder/layers.2/cross_attn/Unsqueeze_30)
2025-09-16 05:52:03.229369836 [V:onnxruntime:, session_state.cc:1154 VerifyEachNodeIsAssignedToAnEp]   Concat (/model.28/decoder/layers.2/cross_attn/Concat_14)
2025-09-16 05:52:03.229374603 [V:onnxruntime:, session_state.cc:1154 VerifyEachNodeIsAssignedToAnEp]   Reshape (/model.28/decoder/layers.2/cross_attn/Reshape_14)
2025-09-16 05:52:03.229380324 [V:onnxruntime:, session_state.cc:1154 VerifyEachNodeIsAssignedToAnEp]   Mul (/model.28/decoder/layers.2/cross_attn/Mul_5)
2025-09-16 05:52:03.229385280 [V:onnxruntime:, session_state.cc:1154 VerifyEachNodeIsAssignedToAnEp]   ReduceSum (/model.28/decoder/layers.2/cross_attn/ReduceSum)
2025-09-16 05:52:03.229390269 [V:onnxruntime:, session_state.cc:1154 VerifyEachNodeIsAssignedToAnEp]   Reshape (/model.28/decoder/layers.2/cross_attn/Reshape_15)
2025-09-16 05:52:03.229397072 [V:onnxruntime:, session_state.cc:1154 VerifyEachNodeIsAssignedToAnEp]   Transpose (/model.28/decoder/layers.2/cross_attn/Transpose_7)
2025-09-16 05:52:03.229401196 [V:onnxruntime:, session_state.cc:1154 VerifyEachNodeIsAssignedToAnEp]   Reshape (/model.28/decoder/layers.2/cross_attn/output_proj/MatMul_pre_reshape)
2025-09-16 05:52:03.229405464 [V:onnxruntime:, session_state.cc:1154 VerifyEachNodeIsAssignedToAnEp]   Gemm (/model.28/decoder/layers.2/cross_attn/output_proj/MatMul)
2025-09-16 05:52:03.229409750 [V:onnxruntime:, session_state.cc:1154 VerifyEachNodeIsAssignedToAnEp]   Reshape (/model.28/decoder/layers.2/cross_attn/output_proj/MatMul_post_reshape)
2025-09-16 05:52:03.229414356 [V:onnxruntime:, session_state.cc:1154 VerifyEachNodeIsAssignedToAnEp]   Reshape (/model.28/decoder/layers.2/linear1/MatMul_pre_reshape)
2025-09-16 05:52:03.229419533 [V:onnxruntime:, session_state.cc:1154 VerifyEachNodeIsAssignedToAnEp]   Gemm (/model.28/decoder/layers.2/linear1/MatMul)
2025-09-16 05:52:03.229425027 [V:onnxruntime:, session_state.cc:1154 VerifyEachNodeIsAssignedToAnEp]   Reshape (/model.28/decoder/layers.2/linear1/MatMul_post_reshape)
2025-09-16 05:52:03.229430806 [V:onnxruntime:, session_state.cc:1154 VerifyEachNodeIsAssignedToAnEp]   Relu (/model.28/decoder/layers.2/act/Relu)
2025-09-16 05:52:03.229436133 [V:onnxruntime:, session_state.cc:1154 VerifyEachNodeIsAssignedToAnEp]   Reshape (/model.28/decoder/layers.2/linear2/MatMul_pre_reshape)
2025-09-16 05:52:03.229441925 [V:onnxruntime:, session_state.cc:1154 VerifyEachNodeIsAssignedToAnEp]   Gemm (/model.28/decoder/layers.2/linear2/MatMul)
2025-09-16 05:52:03.229447802 [V:onnxruntime:, session_state.cc:1154 VerifyEachNodeIsAssignedToAnEp]   Reshape (/model.28/decoder/layers.2/linear2/MatMul_post_reshape)
2025-09-16 05:52:03.229464858 [V:onnxruntime:, session_state.cc:1154 VerifyEachNodeIsAssignedToAnEp]   Transpose (/model.28/decoder/layers.3/Transpose_1)
2025-09-16 05:52:03.229470208 [V:onnxruntime:, session_state.cc:1154 VerifyEachNodeIsAssignedToAnEp]   Reshape (/model.28/decoder/dec_bbox_head.2/layers.0/MatMul_pre_reshape)
2025-09-16 05:52:03.229475234 [V:onnxruntime:, session_state.cc:1154 VerifyEachNodeIsAssignedToAnEp]   Gemm (/model.28/decoder/dec_bbox_head.2/layers.0/MatMul)
2025-09-16 05:52:03.229480961 [V:onnxruntime:, session_state.cc:1154 VerifyEachNodeIsAssignedToAnEp]   Reshape (/model.28/decoder/layers.3/self_attn/MatMul_2_pre_reshape)
2025-09-16 05:52:03.229486896 [V:onnxruntime:, session_state.cc:1154 VerifyEachNodeIsAssignedToAnEp]   Reshape (/model.28/decoder/dec_bbox_head.2/layers.0/MatMul_post_reshape)
2025-09-16 05:52:03.229492156 [V:onnxruntime:, session_state.cc:1154 VerifyEachNodeIsAssignedToAnEp]   Gemm (/model.28/decoder/layers.3/self_attn/MatMul_2)
2025-09-16 05:52:03.229500656 [V:onnxruntime:, session_state.cc:1154 VerifyEachNodeIsAssignedToAnEp]   Relu (/model.28/decoder/dec_bbox_head.2/Relu)
2025-09-16 05:52:03.229504971 [V:onnxruntime:, session_state.cc:1154 VerifyEachNodeIsAssignedToAnEp]   Reshape (/model.28/decoder/layers.3/self_attn/MatMul_2_post_reshape)
2025-09-16 05:52:03.229509938 [V:onnxruntime:, session_state.cc:1154 VerifyEachNodeIsAssignedToAnEp]   Reshape (/model.28/decoder/dec_bbox_head.2/layers.1/MatMul_pre_reshape)
2025-09-16 05:52:03.229514626 [V:onnxruntime:, session_state.cc:1154 VerifyEachNodeIsAssignedToAnEp]   Gemm (/model.28/decoder/dec_bbox_head.2/layers.1/MatMul)
2025-09-16 05:52:03.229519183 [V:onnxruntime:, session_state.cc:1154 VerifyEachNodeIsAssignedToAnEp]   Reshape (/model.28/decoder/dec_bbox_head.2/layers.1/MatMul_post_reshape)
2025-09-16 05:52:03.229523247 [V:onnxruntime:, session_state.cc:1154 VerifyEachNodeIsAssignedToAnEp]   Relu (/model.28/decoder/dec_bbox_head.2/Relu_1)
2025-09-16 05:52:03.229527898 [V:onnxruntime:, session_state.cc:1154 VerifyEachNodeIsAssignedToAnEp]   Reshape (/model.28/decoder/dec_bbox_head.2/layers.2/MatMul_pre_reshape)
2025-09-16 05:52:03.229532196 [V:onnxruntime:, session_state.cc:1154 VerifyEachNodeIsAssignedToAnEp]   Gemm (/model.28/decoder/dec_bbox_head.2/layers.2/MatMul)
2025-09-16 05:52:03.229536899 [V:onnxruntime:, session_state.cc:1154 VerifyEachNodeIsAssignedToAnEp]   Reshape (/model.28/decoder/dec_bbox_head.2/layers.2/MatMul_post_reshape)
2025-09-16 05:52:03.229541733 [V:onnxruntime:, session_state.cc:1154 VerifyEachNodeIsAssignedToAnEp]   Add (/model.28/decoder/Add_2)
2025-09-16 05:52:03.229547017 [V:onnxruntime:, session_state.cc:1154 VerifyEachNodeIsAssignedToAnEp]   Sigmoid (/model.28/decoder/Sigmoid_3)
2025-09-16 05:52:03.229552875 [V:onnxruntime:, session_state.cc:1154 VerifyEachNodeIsAssignedToAnEp]   Clip (/model.28/decoder/Clip_9)
2025-09-16 05:52:03.229558083 [V:onnxruntime:, session_state.cc:1154 VerifyEachNodeIsAssignedToAnEp]   Unsqueeze (/model.28/decoder/layers.3/Unsqueeze)
2025-09-16 05:52:03.229562836 [V:onnxruntime:, session_state.cc:1154 VerifyEachNodeIsAssignedToAnEp]   Reshape (/model.28/decoder/query_pos_head/layers.0_3/MatMul_pre_reshape)
2025-09-16 05:52:03.229568843 [V:onnxruntime:, session_state.cc:1154 VerifyEachNodeIsAssignedToAnEp]   Clip (/model.28/decoder/Clip_10)
2025-09-16 05:52:03.229574142 [V:onnxruntime:, session_state.cc:1154 VerifyEachNodeIsAssignedToAnEp]   Sub (/model.28/decoder/Sub_3)
2025-09-16 05:52:03.229579964 [V:onnxruntime:, session_state.cc:1154 VerifyEachNodeIsAssignedToAnEp]   Gemm (/model.28/decoder/query_pos_head/layers.0_3/MatMul)
2025-09-16 05:52:03.229585604 [V:onnxruntime:, session_state.cc:1154 VerifyEachNodeIsAssignedToAnEp]   Reshape (/model.28/decoder/query_pos_head/layers.0_3/MatMul_post_reshape)
2025-09-16 05:52:03.229591218 [V:onnxruntime:, session_state.cc:1154 VerifyEachNodeIsAssignedToAnEp]   Clip (/model.28/decoder/Clip_11)
2025-09-16 05:52:03.229596355 [V:onnxruntime:, session_state.cc:1154 VerifyEachNodeIsAssignedToAnEp]   Relu (/model.28/decoder/query_pos_head_3/Relu)
2025-09-16 05:52:03.229602840 [V:onnxruntime:, session_state.cc:1154 VerifyEachNodeIsAssignedToAnEp]   Div (/model.28/decoder/Div_3)
2025-09-16 05:52:03.229608267 [V:onnxruntime:, session_state.cc:1154 VerifyEachNodeIsAssignedToAnEp]   Log (/model.28/decoder/Log_3)
2025-09-16 05:52:03.229618756 [V:onnxruntime:, session_state.cc:1154 VerifyEachNodeIsAssignedToAnEp]   Reshape (/model.28/decoder/query_pos_head/layers.1_3/MatMul_pre_reshape)
2025-09-16 05:52:03.229624237 [V:onnxruntime:, session_state.cc:1154 VerifyEachNodeIsAssignedToAnEp]   Gemm (/model.28/decoder/query_pos_head/layers.1_3/MatMul)
2025-09-16 05:52:03.229629841 [V:onnxruntime:, session_state.cc:1154 VerifyEachNodeIsAssignedToAnEp]   Reshape (/model.28/decoder/query_pos_head/layers.1_3/MatMul_post_reshape)
2025-09-16 05:52:03.229634952 [V:onnxruntime:, session_state.cc:1154 VerifyEachNodeIsAssignedToAnEp]   Add (/model.28/decoder/layers.3/Add)
2025-09-16 05:52:03.229639542 [V:onnxruntime:, session_state.cc:1154 VerifyEachNodeIsAssignedToAnEp]   Transpose (/model.28/decoder/layers.3/Transpose)
2025-09-16 05:52:03.229645359 [V:onnxruntime:, session_state.cc:1154 VerifyEachNodeIsAssignedToAnEp]   Reshape (/model.28/decoder/layers.3/self_attn/MatMul_pre_reshape)
2025-09-16 05:52:03.229650905 [V:onnxruntime:, session_state.cc:1154 VerifyEachNodeIsAssignedToAnEp]   Gemm (/model.28/decoder/layers.3/self_attn/MatMul)
2025-09-16 05:52:03.229656119 [V:onnxruntime:, session_state.cc:1154 VerifyEachNodeIsAssignedToAnEp]   Gemm (/model.28/decoder/layers.3/self_attn/MatMul_1)
2025-09-16 05:52:03.229671287 [V:onnxruntime:, session_state.cc:1154 VerifyEachNodeIsAssignedToAnEp]   Reshape (/model.28/decoder/layers.3/self_attn/MatMul_post_reshape)
2025-09-16 05:52:03.229676604 [V:onnxruntime:, session_state.cc:1154 VerifyEachNodeIsAssignedToAnEp]   Reshape (/model.28/decoder/layers.3/self_attn/MatMul_1_post_reshape)
2025-09-16 05:52:03.229680871 [V:onnxruntime:, session_state.cc:1154 VerifyEachNodeIsAssignedToAnEp]   Softmax (/model.28/decoder/layers.3/self_attn/Softmax)
2025-09-16 05:52:03.229684951 [V:onnxruntime:, session_state.cc:1154 VerifyEachNodeIsAssignedToAnEp]   Transpose (/model.28/decoder/layers.3/self_attn/Transpose_3)
2025-09-16 05:52:03.229689444 [V:onnxruntime:, session_state.cc:1154 VerifyEachNodeIsAssignedToAnEp]   Reshape (/model.28/decoder/layers.3/self_attn/Reshape_3)
2025-09-16 05:52:03.229694989 [V:onnxruntime:, session_state.cc:1154 VerifyEachNodeIsAssignedToAnEp]   Gemm (/model.28/decoder/layers.3/self_attn/Gemm)
2025-09-16 05:52:03.229700174 [V:onnxruntime:, session_state.cc:1154 VerifyEachNodeIsAssignedToAnEp]   Reshape (/model.28/decoder/layers.3/self_attn/Reshape_4)
2025-09-16 05:52:03.229705103 [V:onnxruntime:, session_state.cc:1154 VerifyEachNodeIsAssignedToAnEp]   Transpose (/model.28/decoder/layers.3/Transpose_2)
2025-09-16 05:52:03.229710540 [V:onnxruntime:, session_state.cc:1154 VerifyEachNodeIsAssignedToAnEp]   Add (/model.28/decoder/layers.3/Add_2)
2025-09-16 05:52:03.229715828 [V:onnxruntime:, session_state.cc:1154 VerifyEachNodeIsAssignedToAnEp]   Reshape (/model.28/decoder/layers.3/cross_attn/sampling_offsets/MatMul_pre_reshape)
2025-09-16 05:52:03.229721627 [V:onnxruntime:, session_state.cc:1154 VerifyEachNodeIsAssignedToAnEp]   Gemm (/model.28/decoder/layers.3/cross_attn/sampling_offsets/MatMul)
2025-09-16 05:52:03.229727429 [V:onnxruntime:, session_state.cc:1154 VerifyEachNodeIsAssignedToAnEp]   Gemm (/model.28/decoder/layers.3/cross_attn/attention_weights/MatMul)
2025-09-16 05:52:03.229733170 [V:onnxruntime:, session_state.cc:1154 VerifyEachNodeIsAssignedToAnEp]   Reshape (/model.28/decoder/layers.3/cross_attn/attention_weights/MatMul_post_reshape)
2025-09-16 05:52:03.229738699 [V:onnxruntime:, session_state.cc:1154 VerifyEachNodeIsAssignedToAnEp]   Reshape (/model.28/decoder/layers.3/cross_attn/sampling_offsets/MatMul_post_reshape)
2025-09-16 05:52:03.229743537 [V:onnxruntime:, session_state.cc:1154 VerifyEachNodeIsAssignedToAnEp]   Softmax (/model.28/decoder/layers.3/cross_attn/Softmax)
2025-09-16 05:52:03.229749462 [V:onnxruntime:, session_state.cc:1154 VerifyEachNodeIsAssignedToAnEp]   Div (/model.28/decoder/layers.3/cross_attn/Div)
2025-09-16 05:52:03.229755006 [V:onnxruntime:, session_state.cc:1154 VerifyEachNodeIsAssignedToAnEp]   Reshape (/model.28/decoder/layers.3/cross_attn/Reshape_3)
2025-09-16 05:52:03.229760478 [V:onnxruntime:, session_state.cc:1154 VerifyEachNodeIsAssignedToAnEp]   Mul (/model.28/decoder/layers.3/cross_attn/Mul)
2025-09-16 05:52:03.229765820 [V:onnxruntime:, session_state.cc:1154 VerifyEachNodeIsAssignedToAnEp]   Mul (/model.28/decoder/layers.3/cross_attn/Mul_1)
2025-09-16 05:52:03.229771591 [V:onnxruntime:, session_state.cc:1154 VerifyEachNodeIsAssignedToAnEp]   Transpose (/model.28/decoder/layers.3/cross_attn/Transpose_6)
2025-09-16 05:52:03.229776851 [V:onnxruntime:, session_state.cc:1154 VerifyEachNodeIsAssignedToAnEp]   Add (/model.28/decoder/layers.3/cross_attn/Add)
2025-09-16 05:52:03.229782013 [V:onnxruntime:, session_state.cc:1154 VerifyEachNodeIsAssignedToAnEp]   Reshape (/model.28/decoder/layers.3/cross_attn/Reshape_13)
2025-09-16 05:52:03.229787461 [V:onnxruntime:, session_state.cc:1154 VerifyEachNodeIsAssignedToAnEp]   Mul (/model.28/decoder/layers.3/cross_attn/Mul_2)
2025-09-16 05:52:03.229793232 [V:onnxruntime:, session_state.cc:1154 VerifyEachNodeIsAssignedToAnEp]   Sub (/model.28/decoder/layers.3/cross_attn/Sub)
2025-09-16 05:52:03.229798840 [V:onnxruntime:, session_state.cc:1154 VerifyEachNodeIsAssignedToAnEp]   Transpose (/model.28/decoder/layers.3/cross_attn/Transpose_1)
2025-09-16 05:52:03.229804371 [V:onnxruntime:, session_state.cc:1154 VerifyEachNodeIsAssignedToAnEp]   Transpose (/model.28/decoder/layers.3/cross_attn/Transpose_3)
2025-09-16 05:52:03.229809907 [V:onnxruntime:, session_state.cc:1154 VerifyEachNodeIsAssignedToAnEp]   Transpose (/model.28/decoder/layers.3/cross_attn/Transpose_5)
2025-09-16 05:52:03.229815501 [V:onnxruntime:, session_state.cc:1154 VerifyEachNodeIsAssignedToAnEp]   Reshape (/model.28/decoder/layers.3/cross_attn/Reshape_6)
2025-09-16 05:52:03.229821257 [V:onnxruntime:, session_state.cc:1154 VerifyEachNodeIsAssignedToAnEp]   Reshape (/model.28/decoder/layers.3/cross_attn/Reshape_9)
2025-09-16 05:52:03.229826875 [V:onnxruntime:, session_state.cc:1154 VerifyEachNodeIsAssignedToAnEp]   Reshape (/model.28/decoder/layers.3/cross_attn/Reshape_12)
2025-09-16 05:52:03.229832497 [V:onnxruntime:, session_state.cc:1154 VerifyEachNodeIsAssignedToAnEp]   GridSample (/model.28/decoder/layers.3/cross_attn/GridSample)
2025-09-16 05:52:03.229838051 [V:onnxruntime:, session_state.cc:1154 VerifyEachNodeIsAssignedToAnEp]   GridSample (/model.28/decoder/layers.3/cross_attn/GridSample_1)
2025-09-16 05:52:03.229843687 [V:onnxruntime:, session_state.cc:1154 VerifyEachNodeIsAssignedToAnEp]   GridSample (/model.28/decoder/layers.3/cross_attn/GridSample_2)
2025-09-16 05:52:03.229849200 [V:onnxruntime:, session_state.cc:1154 VerifyEachNodeIsAssignedToAnEp]   Unsqueeze (/model.28/decoder/layers.3/cross_attn/Unsqueeze_28)
2025-09-16 05:52:03.229854631 [V:onnxruntime:, session_state.cc:1154 VerifyEachNodeIsAssignedToAnEp]   Unsqueeze (/model.28/decoder/layers.3/cross_attn/Unsqueeze_29)
2025-09-16 05:52:03.229859837 [V:onnxruntime:, session_state.cc:1154 VerifyEachNodeIsAssignedToAnEp]   Unsqueeze (/model.28/decoder/layers.3/cross_attn/Unsqueeze_30)
2025-09-16 05:52:03.229864267 [V:onnxruntime:, session_state.cc:1154 VerifyEachNodeIsAssignedToAnEp]   Concat (/model.28/decoder/layers.3/cross_attn/Concat_14)
2025-09-16 05:52:03.229868597 [V:onnxruntime:, session_state.cc:1154 VerifyEachNodeIsAssignedToAnEp]   Reshape (/model.28/decoder/layers.3/cross_attn/Reshape_14)
2025-09-16 05:52:03.229873331 [V:onnxruntime:, session_state.cc:1154 VerifyEachNodeIsAssignedToAnEp]   Mul (/model.28/decoder/layers.3/cross_attn/Mul_5)
2025-09-16 05:52:03.229878395 [V:onnxruntime:, session_state.cc:1154 VerifyEachNodeIsAssignedToAnEp]   ReduceSum (/model.28/decoder/layers.3/cross_attn/ReduceSum)
2025-09-16 05:52:03.229883675 [V:onnxruntime:, session_state.cc:1154 VerifyEachNodeIsAssignedToAnEp]   Reshape (/model.28/decoder/layers.3/cross_attn/Reshape_15)
2025-09-16 05:52:03.229888522 [V:onnxruntime:, session_state.cc:1154 VerifyEachNodeIsAssignedToAnEp]   Transpose (/model.28/decoder/layers.3/cross_attn/Transpose_7)
2025-09-16 05:52:03.229893275 [V:onnxruntime:, session_state.cc:1154 VerifyEachNodeIsAssignedToAnEp]   Reshape (/model.28/decoder/layers.3/cross_attn/output_proj/MatMul_pre_reshape)
2025-09-16 05:52:03.229897895 [V:onnxruntime:, session_state.cc:1154 VerifyEachNodeIsAssignedToAnEp]   Gemm (/model.28/decoder/layers.3/cross_attn/output_proj/MatMul)
2025-09-16 05:52:03.229902564 [V:onnxruntime:, session_state.cc:1154 VerifyEachNodeIsAssignedToAnEp]   Reshape (/model.28/decoder/layers.3/cross_attn/output_proj/MatMul_post_reshape)
2025-09-16 05:52:03.229907303 [V:onnxruntime:, session_state.cc:1154 VerifyEachNodeIsAssignedToAnEp]   Reshape (/model.28/decoder/layers.3/linear1/MatMul_pre_reshape)
2025-09-16 05:52:03.229911771 [V:onnxruntime:, session_state.cc:1154 VerifyEachNodeIsAssignedToAnEp]   Gemm (/model.28/decoder/layers.3/linear1/MatMul)
2025-09-16 05:52:03.229916565 [V:onnxruntime:, session_state.cc:1154 VerifyEachNodeIsAssignedToAnEp]   Reshape (/model.28/decoder/layers.3/linear1/MatMul_post_reshape)
2025-09-16 05:52:03.229921448 [V:onnxruntime:, session_state.cc:1154 VerifyEachNodeIsAssignedToAnEp]   Relu (/model.28/decoder/layers.3/act/Relu)
2025-09-16 05:52:03.229925960 [V:onnxruntime:, session_state.cc:1154 VerifyEachNodeIsAssignedToAnEp]   Reshape (/model.28/decoder/layers.3/linear2/MatMul_pre_reshape)
2025-09-16 05:52:03.229930762 [V:onnxruntime:, session_state.cc:1154 VerifyEachNodeIsAssignedToAnEp]   Gemm (/model.28/decoder/layers.3/linear2/MatMul)
2025-09-16 05:52:03.229935112 [V:onnxruntime:, session_state.cc:1154 VerifyEachNodeIsAssignedToAnEp]   Reshape (/model.28/decoder/layers.3/linear2/MatMul_post_reshape)
2025-09-16 05:52:03.229940249 [V:onnxruntime:, session_state.cc:1154 VerifyEachNodeIsAssignedToAnEp]   Transpose (/model.28/decoder/layers.4/Transpose_1)
2025-09-16 05:52:03.229945365 [V:onnxruntime:, session_state.cc:1154 VerifyEachNodeIsAssignedToAnEp]   Reshape (/model.28/decoder/dec_bbox_head.3/layers.0/MatMul_pre_reshape)
2025-09-16 05:52:03.229956435 [V:onnxruntime:, session_state.cc:1154 VerifyEachNodeIsAssignedToAnEp]   Gemm (/model.28/decoder/dec_bbox_head.3/layers.0/MatMul)
2025-09-16 05:52:03.229961808 [V:onnxruntime:, session_state.cc:1154 VerifyEachNodeIsAssignedToAnEp]   Reshape (/model.28/decoder/layers.4/self_attn/MatMul_2_pre_reshape)
2025-09-16 05:52:03.229965889 [V:onnxruntime:, session_state.cc:1154 VerifyEachNodeIsAssignedToAnEp]   Reshape (/model.28/decoder/dec_bbox_head.3/layers.0/MatMul_post_reshape)
2025-09-16 05:52:03.229970861 [V:onnxruntime:, session_state.cc:1154 VerifyEachNodeIsAssignedToAnEp]   Gemm (/model.28/decoder/layers.4/self_attn/MatMul_2)
2025-09-16 05:52:03.229976217 [V:onnxruntime:, session_state.cc:1154 VerifyEachNodeIsAssignedToAnEp]   Relu (/model.28/decoder/dec_bbox_head.3/Relu)
2025-09-16 05:52:03.229982434 [V:onnxruntime:, session_state.cc:1154 VerifyEachNodeIsAssignedToAnEp]   Reshape (/model.28/decoder/layers.4/self_attn/MatMul_2_post_reshape)
2025-09-16 05:52:03.229987860 [V:onnxruntime:, session_state.cc:1154 VerifyEachNodeIsAssignedToAnEp]   Reshape (/model.28/decoder/dec_bbox_head.3/layers.1/MatMul_pre_reshape)
2025-09-16 05:52:03.229993157 [V:onnxruntime:, session_state.cc:1154 VerifyEachNodeIsAssignedToAnEp]   Gemm (/model.28/decoder/dec_bbox_head.3/layers.1/MatMul)
2025-09-16 05:52:03.229998754 [V:onnxruntime:, session_state.cc:1154 VerifyEachNodeIsAssignedToAnEp]   Reshape (/model.28/decoder/dec_bbox_head.3/layers.1/MatMul_post_reshape)
2025-09-16 05:52:03.230004187 [V:onnxruntime:, session_state.cc:1154 VerifyEachNodeIsAssignedToAnEp]   Relu (/model.28/decoder/dec_bbox_head.3/Relu_1)
2025-09-16 05:52:03.230010760 [V:onnxruntime:, session_state.cc:1154 VerifyEachNodeIsAssignedToAnEp]   Reshape (/model.28/decoder/dec_bbox_head.3/layers.2/MatMul_pre_reshape)
2025-09-16 05:52:03.230016496 [V:onnxruntime:, session_state.cc:1154 VerifyEachNodeIsAssignedToAnEp]   Gemm (/model.28/decoder/dec_bbox_head.3/layers.2/MatMul)
2025-09-16 05:52:03.230021595 [V:onnxruntime:, session_state.cc:1154 VerifyEachNodeIsAssignedToAnEp]   Reshape (/model.28/decoder/dec_bbox_head.3/layers.2/MatMul_post_reshape)
2025-09-16 05:52:03.230026601 [V:onnxruntime:, session_state.cc:1154 VerifyEachNodeIsAssignedToAnEp]   Add (/model.28/decoder/Add_3)
2025-09-16 05:52:03.230031657 [V:onnxruntime:, session_state.cc:1154 VerifyEachNodeIsAssignedToAnEp]   Sigmoid (/model.28/decoder/Sigmoid_4)
2025-09-16 05:52:03.230036405 [V:onnxruntime:, session_state.cc:1154 VerifyEachNodeIsAssignedToAnEp]   Clip (/model.28/decoder/Clip_12)
2025-09-16 05:52:03.230041702 [V:onnxruntime:, session_state.cc:1154 VerifyEachNodeIsAssignedToAnEp]   Unsqueeze (/model.28/decoder/layers.4/Unsqueeze)
2025-09-16 05:52:03.230047726 [V:onnxruntime:, session_state.cc:1154 VerifyEachNodeIsAssignedToAnEp]   Reshape (/model.28/decoder/query_pos_head/layers.0_4/MatMul_pre_reshape)
2025-09-16 05:52:03.230052590 [V:onnxruntime:, session_state.cc:1154 VerifyEachNodeIsAssignedToAnEp]   Clip (/model.28/decoder/Clip_13)
2025-09-16 05:52:03.230057701 [V:onnxruntime:, session_state.cc:1154 VerifyEachNodeIsAssignedToAnEp]   Sub (/model.28/decoder/Sub_4)
2025-09-16 05:52:03.230063745 [V:onnxruntime:, session_state.cc:1154 VerifyEachNodeIsAssignedToAnEp]   Gemm (/model.28/decoder/query_pos_head/layers.0_4/MatMul)
2025-09-16 05:52:03.230069735 [V:onnxruntime:, session_state.cc:1154 VerifyEachNodeIsAssignedToAnEp]   Reshape (/model.28/decoder/query_pos_head/layers.0_4/MatMul_post_reshape)
2025-09-16 05:52:03.230075606 [V:onnxruntime:, session_state.cc:1154 VerifyEachNodeIsAssignedToAnEp]   Clip (/model.28/decoder/Clip_14)
2025-09-16 05:52:03.230081345 [V:onnxruntime:, session_state.cc:1154 VerifyEachNodeIsAssignedToAnEp]   Relu (/model.28/decoder/query_pos_head_4/Relu)
2025-09-16 05:52:03.230087229 [V:onnxruntime:, session_state.cc:1154 VerifyEachNodeIsAssignedToAnEp]   Div (/model.28/decoder/Div_4)
2025-09-16 05:52:03.230093121 [V:onnxruntime:, session_state.cc:1154 VerifyEachNodeIsAssignedToAnEp]   Log (/model.28/decoder/Log_4)
2025-09-16 05:52:03.230098844 [V:onnxruntime:, session_state.cc:1154 VerifyEachNodeIsAssignedToAnEp]   Reshape (/model.28/decoder/query_pos_head/layers.1_4/MatMul_pre_reshape)
2025-09-16 05:52:03.230104224 [V:onnxruntime:, session_state.cc:1154 VerifyEachNodeIsAssignedToAnEp]   Gemm (/model.28/decoder/query_pos_head/layers.1_4/MatMul)
2025-09-16 05:52:03.230109930 [V:onnxruntime:, session_state.cc:1154 VerifyEachNodeIsAssignedToAnEp]   Reshape (/model.28/decoder/query_pos_head/layers.1_4/MatMul_post_reshape)
2025-09-16 05:52:03.230115516 [V:onnxruntime:, session_state.cc:1154 VerifyEachNodeIsAssignedToAnEp]   Add (/model.28/decoder/layers.4/Add)
2025-09-16 05:52:03.230121351 [V:onnxruntime:, session_state.cc:1154 VerifyEachNodeIsAssignedToAnEp]   Transpose (/model.28/decoder/layers.4/Transpose)
2025-09-16 05:52:03.230127338 [V:onnxruntime:, session_state.cc:1154 VerifyEachNodeIsAssignedToAnEp]   Reshape (/model.28/decoder/layers.4/self_attn/MatMul_pre_reshape)
2025-09-16 05:52:03.230133197 [V:onnxruntime:, session_state.cc:1154 VerifyEachNodeIsAssignedToAnEp]   Gemm (/model.28/decoder/layers.4/self_attn/MatMul)
2025-09-16 05:52:03.230139003 [V:onnxruntime:, session_state.cc:1154 VerifyEachNodeIsAssignedToAnEp]   Gemm (/model.28/decoder/layers.4/self_attn/MatMul_1)
2025-09-16 05:52:03.230144785 [V:onnxruntime:, session_state.cc:1154 VerifyEachNodeIsAssignedToAnEp]   Reshape (/model.28/decoder/layers.4/self_attn/MatMul_post_reshape)
2025-09-16 05:52:03.230150566 [V:onnxruntime:, session_state.cc:1154 VerifyEachNodeIsAssignedToAnEp]   Reshape (/model.28/decoder/layers.4/self_attn/MatMul_1_post_reshape)
2025-09-16 05:52:03.230156386 [V:onnxruntime:, session_state.cc:1154 VerifyEachNodeIsAssignedToAnEp]   Softmax (/model.28/decoder/layers.4/self_attn/Softmax)
2025-09-16 05:52:03.230162164 [V:onnxruntime:, session_state.cc:1154 VerifyEachNodeIsAssignedToAnEp]   Transpose (/model.28/decoder/layers.4/self_attn/Transpose_3)
2025-09-16 05:52:03.230167992 [V:onnxruntime:, session_state.cc:1154 VerifyEachNodeIsAssignedToAnEp]   Reshape (/model.28/decoder/layers.4/self_attn/Reshape_3)
2025-09-16 05:52:03.230173674 [V:onnxruntime:, session_state.cc:1154 VerifyEachNodeIsAssignedToAnEp]   Gemm (/model.28/decoder/layers.4/self_attn/Gemm)
2025-09-16 05:52:03.230179222 [V:onnxruntime:, session_state.cc:1154 VerifyEachNodeIsAssignedToAnEp]   Reshape (/model.28/decoder/layers.4/self_attn/Reshape_4)
2025-09-16 05:52:03.230184640 [V:onnxruntime:, session_state.cc:1154 VerifyEachNodeIsAssignedToAnEp]   Transpose (/model.28/decoder/layers.4/Transpose_2)
2025-09-16 05:52:03.230190263 [V:onnxruntime:, session_state.cc:1154 VerifyEachNodeIsAssignedToAnEp]   Add (/model.28/decoder/layers.4/Add_2)
2025-09-16 05:52:03.230199071 [V:onnxruntime:, session_state.cc:1154 VerifyEachNodeIsAssignedToAnEp]   Reshape (/model.28/decoder/layers.4/cross_attn/sampling_offsets/MatMul_pre_reshape)
2025-09-16 05:52:03.230204743 [V:onnxruntime:, session_state.cc:1154 VerifyEachNodeIsAssignedToAnEp]   Gemm (/model.28/decoder/layers.4/cross_attn/sampling_offsets/MatMul)
2025-09-16 05:52:03.230213192 [V:onnxruntime:, session_state.cc:1154 VerifyEachNodeIsAssignedToAnEp]   Gemm (/model.28/decoder/layers.4/cross_attn/attention_weights/MatMul)
2025-09-16 05:52:03.230218398 [V:onnxruntime:, session_state.cc:1154 VerifyEachNodeIsAssignedToAnEp]   Reshape (/model.28/decoder/layers.4/cross_attn/attention_weights/MatMul_post_reshape)
2025-09-16 05:52:03.230223616 [V:onnxruntime:, session_state.cc:1154 VerifyEachNodeIsAssignedToAnEp]   Reshape (/model.28/decoder/layers.4/cross_attn/sampling_offsets/MatMul_post_reshape)
2025-09-16 05:52:03.230228039 [V:onnxruntime:, session_state.cc:1154 VerifyEachNodeIsAssignedToAnEp]   Softmax (/model.28/decoder/layers.4/cross_attn/Softmax)
2025-09-16 05:52:03.230232796 [V:onnxruntime:, session_state.cc:1154 VerifyEachNodeIsAssignedToAnEp]   Div (/model.28/decoder/layers.4/cross_attn/Div)
2025-09-16 05:52:03.230238078 [V:onnxruntime:, session_state.cc:1154 VerifyEachNodeIsAssignedToAnEp]   Reshape (/model.28/decoder/layers.4/cross_attn/Reshape_3)
2025-09-16 05:52:03.230243414 [V:onnxruntime:, session_state.cc:1154 VerifyEachNodeIsAssignedToAnEp]   Mul (/model.28/decoder/layers.4/cross_attn/Mul)
2025-09-16 05:52:03.230249347 [V:onnxruntime:, session_state.cc:1154 VerifyEachNodeIsAssignedToAnEp]   Mul (/model.28/decoder/layers.4/cross_attn/Mul_1)
2025-09-16 05:52:03.230254681 [V:onnxruntime:, session_state.cc:1154 VerifyEachNodeIsAssignedToAnEp]   Transpose (/model.28/decoder/layers.4/cross_attn/Transpose_6)
2025-09-16 05:52:03.230259877 [V:onnxruntime:, session_state.cc:1154 VerifyEachNodeIsAssignedToAnEp]   Add (/model.28/decoder/layers.4/cross_attn/Add)
2025-09-16 05:52:03.230265152 [V:onnxruntime:, session_state.cc:1154 VerifyEachNodeIsAssignedToAnEp]   Reshape (/model.28/decoder/layers.4/cross_attn/Reshape_13)
2025-09-16 05:52:03.230270393 [V:onnxruntime:, session_state.cc:1154 VerifyEachNodeIsAssignedToAnEp]   Mul (/model.28/decoder/layers.4/cross_attn/Mul_2)
2025-09-16 05:52:03.230278671 [V:onnxruntime:, session_state.cc:1154 VerifyEachNodeIsAssignedToAnEp]   Sub (/model.28/decoder/layers.4/cross_attn/Sub)
2025-09-16 05:52:03.230283477 [V:onnxruntime:, session_state.cc:1154 VerifyEachNodeIsAssignedToAnEp]   Transpose (/model.28/decoder/layers.4/cross_attn/Transpose_1)
2025-09-16 05:52:03.230287598 [V:onnxruntime:, session_state.cc:1154 VerifyEachNodeIsAssignedToAnEp]   Transpose (/model.28/decoder/layers.4/cross_attn/Transpose_3)
2025-09-16 05:52:03.230292756 [V:onnxruntime:, session_state.cc:1154 VerifyEachNodeIsAssignedToAnEp]   Transpose (/model.28/decoder/layers.4/cross_attn/Transpose_5)
2025-09-16 05:52:03.230297903 [V:onnxruntime:, session_state.cc:1154 VerifyEachNodeIsAssignedToAnEp]   Reshape (/model.28/decoder/layers.4/cross_attn/Reshape_6)
2025-09-16 05:52:03.230303036 [V:onnxruntime:, session_state.cc:1154 VerifyEachNodeIsAssignedToAnEp]   Reshape (/model.28/decoder/layers.4/cross_attn/Reshape_9)
2025-09-16 05:52:03.230308483 [V:onnxruntime:, session_state.cc:1154 VerifyEachNodeIsAssignedToAnEp]   Reshape (/model.28/decoder/layers.4/cross_attn/Reshape_12)
2025-09-16 05:52:03.230314372 [V:onnxruntime:, session_state.cc:1154 VerifyEachNodeIsAssignedToAnEp]   GridSample (/model.28/decoder/layers.4/cross_attn/GridSample)
2025-09-16 05:52:03.230320481 [V:onnxruntime:, session_state.cc:1154 VerifyEachNodeIsAssignedToAnEp]   GridSample (/model.28/decoder/layers.4/cross_attn/GridSample_1)
2025-09-16 05:52:03.230326401 [V:onnxruntime:, session_state.cc:1154 VerifyEachNodeIsAssignedToAnEp]   GridSample (/model.28/decoder/layers.4/cross_attn/GridSample_2)
2025-09-16 05:52:03.230332158 [V:onnxruntime:, session_state.cc:1154 VerifyEachNodeIsAssignedToAnEp]   Unsqueeze (/model.28/decoder/layers.4/cross_attn/Unsqueeze_28)
2025-09-16 05:52:03.230337365 [V:onnxruntime:, session_state.cc:1154 VerifyEachNodeIsAssignedToAnEp]   Unsqueeze (/model.28/decoder/layers.4/cross_attn/Unsqueeze_29)
2025-09-16 05:52:03.230343055 [V:onnxruntime:, session_state.cc:1154 VerifyEachNodeIsAssignedToAnEp]   Unsqueeze (/model.28/decoder/layers.4/cross_attn/Unsqueeze_30)
2025-09-16 05:52:03.230348919 [V:onnxruntime:, session_state.cc:1154 VerifyEachNodeIsAssignedToAnEp]   Concat (/model.28/decoder/layers.4/cross_attn/Concat_14)
2025-09-16 05:52:03.230354757 [V:onnxruntime:, session_state.cc:1154 VerifyEachNodeIsAssignedToAnEp]   Reshape (/model.28/decoder/layers.4/cross_attn/Reshape_14)
2025-09-16 05:52:03.230360369 [V:onnxruntime:, session_state.cc:1154 VerifyEachNodeIsAssignedToAnEp]   Mul (/model.28/decoder/layers.4/cross_attn/Mul_5)
2025-09-16 05:52:03.230366169 [V:onnxruntime:, session_state.cc:1154 VerifyEachNodeIsAssignedToAnEp]   ReduceSum (/model.28/decoder/layers.4/cross_attn/ReduceSum)
2025-09-16 05:52:03.230371844 [V:onnxruntime:, session_state.cc:1154 VerifyEachNodeIsAssignedToAnEp]   Reshape (/model.28/decoder/layers.4/cross_attn/Reshape_15)
2025-09-16 05:52:03.230377785 [V:onnxruntime:, session_state.cc:1154 VerifyEachNodeIsAssignedToAnEp]   Transpose (/model.28/decoder/layers.4/cross_attn/Transpose_7)
2025-09-16 05:52:03.230383675 [V:onnxruntime:, session_state.cc:1154 VerifyEachNodeIsAssignedToAnEp]   Reshape (/model.28/decoder/layers.4/cross_attn/output_proj/MatMul_pre_reshape)
2025-09-16 05:52:03.230389480 [V:onnxruntime:, session_state.cc:1154 VerifyEachNodeIsAssignedToAnEp]   Gemm (/model.28/decoder/layers.4/cross_attn/output_proj/MatMul)
2025-09-16 05:52:03.230395370 [V:onnxruntime:, session_state.cc:1154 VerifyEachNodeIsAssignedToAnEp]   Reshape (/model.28/decoder/layers.4/cross_attn/output_proj/MatMul_post_reshape)
2025-09-16 05:52:03.230401155 [V:onnxruntime:, session_state.cc:1154 VerifyEachNodeIsAssignedToAnEp]   Reshape (/model.28/decoder/layers.4/linear1/MatMul_pre_reshape)
2025-09-16 05:52:03.230406799 [V:onnxruntime:, session_state.cc:1154 VerifyEachNodeIsAssignedToAnEp]   Gemm (/model.28/decoder/layers.4/linear1/MatMul)
2025-09-16 05:52:03.230412025 [V:onnxruntime:, session_state.cc:1154 VerifyEachNodeIsAssignedToAnEp]   Reshape (/model.28/decoder/layers.4/linear1/MatMul_post_reshape)
2025-09-16 05:52:03.230417499 [V:onnxruntime:, session_state.cc:1154 VerifyEachNodeIsAssignedToAnEp]   Relu (/model.28/decoder/layers.4/act/Relu)
2025-09-16 05:52:03.230423175 [V:onnxruntime:, session_state.cc:1154 VerifyEachNodeIsAssignedToAnEp]   Reshape (/model.28/decoder/layers.4/linear2/MatMul_pre_reshape)
2025-09-16 05:52:03.230428932 [V:onnxruntime:, session_state.cc:1154 VerifyEachNodeIsAssignedToAnEp]   Gemm (/model.28/decoder/layers.4/linear2/MatMul)
2025-09-16 05:52:03.230436727 [V:onnxruntime:, session_state.cc:1154 VerifyEachNodeIsAssignedToAnEp]   Reshape (/model.28/decoder/layers.4/linear2/MatMul_post_reshape)
2025-09-16 05:52:03.230441511 [V:onnxruntime:, session_state.cc:1154 VerifyEachNodeIsAssignedToAnEp]   Transpose (/model.28/decoder/layers.5/Transpose_1)
2025-09-16 05:52:03.230446461 [V:onnxruntime:, session_state.cc:1154 VerifyEachNodeIsAssignedToAnEp]   Reshape (/model.28/decoder/dec_bbox_head.4/layers.0/MatMul_pre_reshape)
2025-09-16 05:52:03.230451141 [V:onnxruntime:, session_state.cc:1154 VerifyEachNodeIsAssignedToAnEp]   Gemm (/model.28/decoder/dec_bbox_head.4/layers.0/MatMul)
2025-09-16 05:52:03.230455505 [V:onnxruntime:, session_state.cc:1154 VerifyEachNodeIsAssignedToAnEp]   Reshape (/model.28/decoder/layers.5/self_attn/MatMul_2_pre_reshape)
2025-09-16 05:52:03.230460625 [V:onnxruntime:, session_state.cc:1154 VerifyEachNodeIsAssignedToAnEp]   Reshape (/model.28/decoder/dec_bbox_head.4/layers.0/MatMul_post_reshape)
2025-09-16 05:52:03.230465226 [V:onnxruntime:, session_state.cc:1154 VerifyEachNodeIsAssignedToAnEp]   Gemm (/model.28/decoder/layers.5/self_attn/MatMul_2)
2025-09-16 05:52:03.230469507 [V:onnxruntime:, session_state.cc:1154 VerifyEachNodeIsAssignedToAnEp]   Relu (/model.28/decoder/dec_bbox_head.4/Relu)
2025-09-16 05:52:03.230474104 [V:onnxruntime:, session_state.cc:1154 VerifyEachNodeIsAssignedToAnEp]   Reshape (/model.28/decoder/layers.5/self_attn/MatMul_2_post_reshape)
2025-09-16 05:52:03.230478317 [V:onnxruntime:, session_state.cc:1154 VerifyEachNodeIsAssignedToAnEp]   Reshape (/model.28/decoder/dec_bbox_head.4/layers.1/MatMul_pre_reshape)
2025-09-16 05:52:03.230482936 [V:onnxruntime:, session_state.cc:1154 VerifyEachNodeIsAssignedToAnEp]   Gemm (/model.28/decoder/dec_bbox_head.4/layers.1/MatMul)
2025-09-16 05:52:03.230488469 [V:onnxruntime:, session_state.cc:1154 VerifyEachNodeIsAssignedToAnEp]   Reshape (/model.28/decoder/dec_bbox_head.4/layers.1/MatMul_post_reshape)
2025-09-16 05:52:03.230493631 [V:onnxruntime:, session_state.cc:1154 VerifyEachNodeIsAssignedToAnEp]   Relu (/model.28/decoder/dec_bbox_head.4/Relu_1)
2025-09-16 05:52:03.230499422 [V:onnxruntime:, session_state.cc:1154 VerifyEachNodeIsAssignedToAnEp]   Reshape (/model.28/decoder/dec_bbox_head.4/layers.2/MatMul_pre_reshape)
2025-09-16 05:52:03.230504343 [V:onnxruntime:, session_state.cc:1154 VerifyEachNodeIsAssignedToAnEp]   Gemm (/model.28/decoder/dec_bbox_head.4/layers.2/MatMul)
2025-09-16 05:52:03.230509455 [V:onnxruntime:, session_state.cc:1154 VerifyEachNodeIsAssignedToAnEp]   Reshape (/model.28/decoder/dec_bbox_head.4/layers.2/MatMul_post_reshape)
2025-09-16 05:52:03.230515345 [V:onnxruntime:, session_state.cc:1154 VerifyEachNodeIsAssignedToAnEp]   Add (/model.28/decoder/Add_4)
2025-09-16 05:52:03.230521169 [V:onnxruntime:, session_state.cc:1154 VerifyEachNodeIsAssignedToAnEp]   Sigmoid (/model.28/decoder/Sigmoid_5)
2025-09-16 05:52:03.230526973 [V:onnxruntime:, session_state.cc:1154 VerifyEachNodeIsAssignedToAnEp]   Clip (/model.28/decoder/Clip_15)
2025-09-16 05:52:03.230532837 [V:onnxruntime:, session_state.cc:1154 VerifyEachNodeIsAssignedToAnEp]   Unsqueeze (/model.28/decoder/layers.5/Unsqueeze)
2025-09-16 05:52:03.230538655 [V:onnxruntime:, session_state.cc:1154 VerifyEachNodeIsAssignedToAnEp]   Reshape (/model.28/decoder/query_pos_head/layers.0_5/MatMul_pre_reshape)
2025-09-16 05:52:03.230544455 [V:onnxruntime:, session_state.cc:1154 VerifyEachNodeIsAssignedToAnEp]   Clip (/model.28/decoder/Clip_16)
2025-09-16 05:52:03.230550062 [V:onnxruntime:, session_state.cc:1154 VerifyEachNodeIsAssignedToAnEp]   Sub (/model.28/decoder/Sub_5)
2025-09-16 05:52:03.230555290 [V:onnxruntime:, session_state.cc:1154 VerifyEachNodeIsAssignedToAnEp]   Gemm (/model.28/decoder/query_pos_head/layers.0_5/MatMul)
2025-09-16 05:52:03.230561026 [V:onnxruntime:, session_state.cc:1154 VerifyEachNodeIsAssignedToAnEp]   Reshape (/model.28/decoder/query_pos_head/layers.0_5/MatMul_post_reshape)
2025-09-16 05:52:03.230565922 [V:onnxruntime:, session_state.cc:1154 VerifyEachNodeIsAssignedToAnEp]   Clip (/model.28/decoder/Clip_17)
2025-09-16 05:52:03.230570524 [V:onnxruntime:, session_state.cc:1154 VerifyEachNodeIsAssignedToAnEp]   Relu (/model.28/decoder/query_pos_head_5/Relu)
2025-09-16 05:52:03.230575584 [V:onnxruntime:, session_state.cc:1154 VerifyEachNodeIsAssignedToAnEp]   Div (/model.28/decoder/Div_5)
2025-09-16 05:52:03.230580721 [V:onnxruntime:, session_state.cc:1154 VerifyEachNodeIsAssignedToAnEp]   Log (/model.28/decoder/Log_5)
2025-09-16 05:52:03.230586551 [V:onnxruntime:, session_state.cc:1154 VerifyEachNodeIsAssignedToAnEp]   Reshape (/model.28/decoder/query_pos_head/layers.1_5/MatMul_pre_reshape)
2025-09-16 05:52:03.230592045 [V:onnxruntime:, session_state.cc:1154 VerifyEachNodeIsAssignedToAnEp]   Gemm (/model.28/decoder/query_pos_head/layers.1_5/MatMul)
2025-09-16 05:52:03.230596992 [V:onnxruntime:, session_state.cc:1154 VerifyEachNodeIsAssignedToAnEp]   Reshape (/model.28/decoder/query_pos_head/layers.1_5/MatMul_post_reshape)
2025-09-16 05:52:03.230602263 [V:onnxruntime:, session_state.cc:1154 VerifyEachNodeIsAssignedToAnEp]   Add (/model.28/decoder/layers.5/Add)
2025-09-16 05:52:03.230607187 [V:onnxruntime:, session_state.cc:1154 VerifyEachNodeIsAssignedToAnEp]   Transpose (/model.28/decoder/layers.5/Transpose)
2025-09-16 05:52:03.230611603 [V:onnxruntime:, session_state.cc:1154 VerifyEachNodeIsAssignedToAnEp]   Reshape (/model.28/decoder/layers.5/self_attn/MatMul_pre_reshape)
2025-09-16 05:52:03.230617318 [V:onnxruntime:, session_state.cc:1154 VerifyEachNodeIsAssignedToAnEp]   Gemm (/model.28/decoder/layers.5/self_attn/MatMul)
2025-09-16 05:52:03.230622548 [V:onnxruntime:, session_state.cc:1154 VerifyEachNodeIsAssignedToAnEp]   Gemm (/model.28/decoder/layers.5/self_attn/MatMul_1)
2025-09-16 05:52:03.230627836 [V:onnxruntime:, session_state.cc:1154 VerifyEachNodeIsAssignedToAnEp]   Reshape (/model.28/decoder/layers.5/self_attn/MatMul_post_reshape)
2025-09-16 05:52:03.230632959 [V:onnxruntime:, session_state.cc:1154 VerifyEachNodeIsAssignedToAnEp]   Reshape (/model.28/decoder/layers.5/self_attn/MatMul_1_post_reshape)
2025-09-16 05:52:03.230638103 [V:onnxruntime:, session_state.cc:1154 VerifyEachNodeIsAssignedToAnEp]   Softmax (/model.28/decoder/layers.5/self_attn/Softmax)
2025-09-16 05:52:03.230643345 [V:onnxruntime:, session_state.cc:1154 VerifyEachNodeIsAssignedToAnEp]   Transpose (/model.28/decoder/layers.5/self_attn/Transpose_3)
2025-09-16 05:52:03.230648559 [V:onnxruntime:, session_state.cc:1154 VerifyEachNodeIsAssignedToAnEp]   Reshape (/model.28/decoder/layers.5/self_attn/Reshape_3)
2025-09-16 05:52:03.230654080 [V:onnxruntime:, session_state.cc:1154 VerifyEachNodeIsAssignedToAnEp]   Gemm (/model.28/decoder/layers.5/self_attn/Gemm)
2025-09-16 05:52:03.230659505 [V:onnxruntime:, session_state.cc:1154 VerifyEachNodeIsAssignedToAnEp]   Reshape (/model.28/decoder/layers.5/self_attn/Reshape_4)
2025-09-16 05:52:03.230665034 [V:onnxruntime:, session_state.cc:1154 VerifyEachNodeIsAssignedToAnEp]   Transpose (/model.28/decoder/layers.5/Transpose_2)
2025-09-16 05:52:03.230670100 [V:onnxruntime:, session_state.cc:1154 VerifyEachNodeIsAssignedToAnEp]   Add (/model.28/decoder/layers.5/Add_2)
2025-09-16 05:52:03.230675277 [V:onnxruntime:, session_state.cc:1154 VerifyEachNodeIsAssignedToAnEp]   Reshape (/model.28/decoder/layers.5/cross_attn/sampling_offsets/MatMul_pre_reshape)
2025-09-16 05:52:03.230680478 [V:onnxruntime:, session_state.cc:1154 VerifyEachNodeIsAssignedToAnEp]   Gemm (/model.28/decoder/layers.5/cross_attn/sampling_offsets/MatMul)
2025-09-16 05:52:03.230685703 [V:onnxruntime:, session_state.cc:1154 VerifyEachNodeIsAssignedToAnEp]   Gemm (/model.28/decoder/layers.5/cross_attn/attention_weights/MatMul)
2025-09-16 05:52:03.230690700 [V:onnxruntime:, session_state.cc:1154 VerifyEachNodeIsAssignedToAnEp]   Reshape (/model.28/decoder/layers.5/cross_attn/attention_weights/MatMul_post_reshape)
2025-09-16 05:52:03.230695960 [V:onnxruntime:, session_state.cc:1154 VerifyEachNodeIsAssignedToAnEp]   Reshape (/model.28/decoder/layers.5/cross_attn/sampling_offsets/MatMul_post_reshape)
2025-09-16 05:52:03.230700937 [V:onnxruntime:, session_state.cc:1154 VerifyEachNodeIsAssignedToAnEp]   Softmax (/model.28/decoder/layers.5/cross_attn/Softmax)
2025-09-16 05:52:03.230706112 [V:onnxruntime:, session_state.cc:1154 VerifyEachNodeIsAssignedToAnEp]   Div (/model.28/decoder/layers.5/cross_attn/Div)
2025-09-16 05:52:03.230711199 [V:onnxruntime:, session_state.cc:1154 VerifyEachNodeIsAssignedToAnEp]   Reshape (/model.28/decoder/layers.5/cross_attn/Reshape_3)
2025-09-16 05:52:03.230716352 [V:onnxruntime:, session_state.cc:1154 VerifyEachNodeIsAssignedToAnEp]   Mul (/model.28/decoder/layers.5/cross_attn/Mul)
2025-09-16 05:52:03.230721710 [V:onnxruntime:, session_state.cc:1154 VerifyEachNodeIsAssignedToAnEp]   Mul (/model.28/decoder/layers.5/cross_attn/Mul_1)
2025-09-16 05:52:03.230726842 [V:onnxruntime:, session_state.cc:1154 VerifyEachNodeIsAssignedToAnEp]   Transpose (/model.28/decoder/layers.5/cross_attn/Transpose_6)
2025-09-16 05:52:03.230732314 [V:onnxruntime:, session_state.cc:1154 VerifyEachNodeIsAssignedToAnEp]   Add (/model.28/decoder/layers.5/cross_attn/Add)
2025-09-16 05:52:03.230738098 [V:onnxruntime:, session_state.cc:1154 VerifyEachNodeIsAssignedToAnEp]   Reshape (/model.28/decoder/layers.5/cross_attn/Reshape_13)
2025-09-16 05:52:03.230743360 [V:onnxruntime:, session_state.cc:1154 VerifyEachNodeIsAssignedToAnEp]   Mul (/model.28/decoder/layers.5/cross_attn/Mul_2)
2025-09-16 05:52:03.230748758 [V:onnxruntime:, session_state.cc:1154 VerifyEachNodeIsAssignedToAnEp]   Sub (/model.28/decoder/layers.5/cross_attn/Sub)
2025-09-16 05:52:03.230753816 [V:onnxruntime:, session_state.cc:1154 VerifyEachNodeIsAssignedToAnEp]   Transpose (/model.28/decoder/layers.5/cross_attn/Transpose_1)
2025-09-16 05:52:03.230759381 [V:onnxruntime:, session_state.cc:1154 VerifyEachNodeIsAssignedToAnEp]   Transpose (/model.28/decoder/layers.5/cross_attn/Transpose_3)
2025-09-16 05:52:03.230764390 [V:onnxruntime:, session_state.cc:1154 VerifyEachNodeIsAssignedToAnEp]   Transpose (/model.28/decoder/layers.5/cross_attn/Transpose_5)
2025-09-16 05:52:03.230769662 [V:onnxruntime:, session_state.cc:1154 VerifyEachNodeIsAssignedToAnEp]   Reshape (/model.28/decoder/layers.5/cross_attn/Reshape_6)
2025-09-16 05:52:03.230774829 [V:onnxruntime:, session_state.cc:1154 VerifyEachNodeIsAssignedToAnEp]   Reshape (/model.28/decoder/layers.5/cross_attn/Reshape_9)
2025-09-16 05:52:03.230780398 [V:onnxruntime:, session_state.cc:1154 VerifyEachNodeIsAssignedToAnEp]   Reshape (/model.28/decoder/layers.5/cross_attn/Reshape_12)
2025-09-16 05:52:03.230785484 [V:onnxruntime:, session_state.cc:1154 VerifyEachNodeIsAssignedToAnEp]   GridSample (/model.28/decoder/layers.5/cross_attn/GridSample)
2025-09-16 05:52:03.230790160 [V:onnxruntime:, session_state.cc:1154 VerifyEachNodeIsAssignedToAnEp]   GridSample (/model.28/decoder/layers.5/cross_attn/GridSample_1)
2025-09-16 05:52:03.230794771 [V:onnxruntime:, session_state.cc:1154 VerifyEachNodeIsAssignedToAnEp]   GridSample (/model.28/decoder/layers.5/cross_attn/GridSample_2)
2025-09-16 05:52:03.230799959 [V:onnxruntime:, session_state.cc:1154 VerifyEachNodeIsAssignedToAnEp]   Unsqueeze (/model.28/decoder/layers.5/cross_attn/Unsqueeze_28)
2025-09-16 05:52:03.230805082 [V:onnxruntime:, session_state.cc:1154 VerifyEachNodeIsAssignedToAnEp]   Unsqueeze (/model.28/decoder/layers.5/cross_attn/Unsqueeze_29)
2025-09-16 05:52:03.230810175 [V:onnxruntime:, session_state.cc:1154 VerifyEachNodeIsAssignedToAnEp]   Unsqueeze (/model.28/decoder/layers.5/cross_attn/Unsqueeze_30)
2025-09-16 05:52:03.230814979 [V:onnxruntime:, session_state.cc:1154 VerifyEachNodeIsAssignedToAnEp]   Concat (/model.28/decoder/layers.5/cross_attn/Concat_14)
2025-09-16 05:52:03.230819946 [V:onnxruntime:, session_state.cc:1154 VerifyEachNodeIsAssignedToAnEp]   Reshape (/model.28/decoder/layers.5/cross_attn/Reshape_14)
2025-09-16 05:52:03.230825863 [V:onnxruntime:, session_state.cc:1154 VerifyEachNodeIsAssignedToAnEp]   Mul (/model.28/decoder/layers.5/cross_attn/Mul_5)
2025-09-16 05:52:03.230831327 [V:onnxruntime:, session_state.cc:1154 VerifyEachNodeIsAssignedToAnEp]   ReduceSum (/model.28/decoder/layers.5/cross_attn/ReduceSum)
2025-09-16 05:52:03.230836145 [V:onnxruntime:, session_state.cc:1154 VerifyEachNodeIsAssignedToAnEp]   Reshape (/model.28/decoder/layers.5/cross_attn/Reshape_15)
2025-09-16 05:52:03.230840699 [V:onnxruntime:, session_state.cc:1154 VerifyEachNodeIsAssignedToAnEp]   Transpose (/model.28/decoder/layers.5/cross_attn/Transpose_7)
2025-09-16 05:52:03.230845664 [V:onnxruntime:, session_state.cc:1154 VerifyEachNodeIsAssignedToAnEp]   Reshape (/model.28/decoder/layers.5/cross_attn/output_proj/MatMul_pre_reshape)
2025-09-16 05:52:03.230850564 [V:onnxruntime:, session_state.cc:1154 VerifyEachNodeIsAssignedToAnEp]   Gemm (/model.28/decoder/layers.5/cross_attn/output_proj/MatMul)
2025-09-16 05:52:03.230855091 [V:onnxruntime:, session_state.cc:1154 VerifyEachNodeIsAssignedToAnEp]   Reshape (/model.28/decoder/layers.5/cross_attn/output_proj/MatMul_post_reshape)
2025-09-16 05:52:03.230860007 [V:onnxruntime:, session_state.cc:1154 VerifyEachNodeIsAssignedToAnEp]   Reshape (/model.28/decoder/layers.5/linear1/MatMul_pre_reshape)
2025-09-16 05:52:03.230865586 [V:onnxruntime:, session_state.cc:1154 VerifyEachNodeIsAssignedToAnEp]   Gemm (/model.28/decoder/layers.5/linear1/MatMul)
2025-09-16 05:52:03.230871116 [V:onnxruntime:, session_state.cc:1154 VerifyEachNodeIsAssignedToAnEp]   Reshape (/model.28/decoder/layers.5/linear1/MatMul_post_reshape)
2025-09-16 05:52:03.230876486 [V:onnxruntime:, session_state.cc:1154 VerifyEachNodeIsAssignedToAnEp]   Relu (/model.28/decoder/layers.5/act/Relu)
2025-09-16 05:52:03.230881055 [V:onnxruntime:, session_state.cc:1154 VerifyEachNodeIsAssignedToAnEp]   Reshape (/model.28/decoder/layers.5/linear2/MatMul_pre_reshape)
2025-09-16 05:52:03.230885301 [V:onnxruntime:, session_state.cc:1154 VerifyEachNodeIsAssignedToAnEp]   Gemm (/model.28/decoder/layers.5/linear2/MatMul)
2025-09-16 05:52:03.230889429 [V:onnxruntime:, session_state.cc:1154 VerifyEachNodeIsAssignedToAnEp]   Reshape (/model.28/decoder/layers.5/linear2/MatMul_post_reshape)
2025-09-16 05:52:03.230894526 [V:onnxruntime:, session_state.cc:1154 VerifyEachNodeIsAssignedToAnEp]   Reshape (/model.28/decoder/dec_bbox_head.5/layers.0/MatMul_pre_reshape)
2025-09-16 05:52:03.230899958 [V:onnxruntime:, session_state.cc:1154 VerifyEachNodeIsAssignedToAnEp]   Gemm (/model.28/decoder/dec_bbox_head.5/layers.0/MatMul)
2025-09-16 05:52:03.230906336 [V:onnxruntime:, session_state.cc:1154 VerifyEachNodeIsAssignedToAnEp]   Gemm (/model.28/decoder/dec_score_head.5/MatMul)
2025-09-16 05:52:03.230910907 [V:onnxruntime:, session_state.cc:1154 VerifyEachNodeIsAssignedToAnEp]   Reshape (/model.28/decoder/dec_bbox_head.5/layers.0/MatMul_post_reshape)
2025-09-16 05:52:03.230916280 [V:onnxruntime:, session_state.cc:1154 VerifyEachNodeIsAssignedToAnEp]   Reshape (/model.28/decoder/dec_score_head.5/MatMul_post_reshape)
2025-09-16 05:52:03.230920931 [V:onnxruntime:, session_state.cc:1154 VerifyEachNodeIsAssignedToAnEp]   Relu (/model.28/decoder/dec_bbox_head.5/Relu)
2025-09-16 05:52:03.230925596 [V:onnxruntime:, session_state.cc:1154 VerifyEachNodeIsAssignedToAnEp]   Unsqueeze (/model.28/decoder/Unsqueeze_1)
2025-09-16 05:52:03.230931066 [V:onnxruntime:, session_state.cc:1154 VerifyEachNodeIsAssignedToAnEp]   Squeeze (/model.28/Squeeze_1)
2025-09-16 05:52:03.230936970 [V:onnxruntime:, session_state.cc:1154 VerifyEachNodeIsAssignedToAnEp]   Reshape (/model.28/decoder/dec_bbox_head.5/layers.1/MatMul_pre_reshape)
2025-09-16 05:52:03.230942596 [V:onnxruntime:, session_state.cc:1154 VerifyEachNodeIsAssignedToAnEp]   Sigmoid (/model.28/Sigmoid)
2025-09-16 05:52:03.230948173 [V:onnxruntime:, session_state.cc:1154 VerifyEachNodeIsAssignedToAnEp]   Gemm (/model.28/decoder/dec_bbox_head.5/layers.1/MatMul)
2025-09-16 05:52:03.230952748 [V:onnxruntime:, session_state.cc:1154 VerifyEachNodeIsAssignedToAnEp]   Reshape (/model.28/decoder/dec_bbox_head.5/layers.1/MatMul_post_reshape)
2025-09-16 05:52:03.230957557 [V:onnxruntime:, session_state.cc:1154 VerifyEachNodeIsAssignedToAnEp]   Relu (/model.28/decoder/dec_bbox_head.5/Relu_1)
2025-09-16 05:52:03.230962745 [V:onnxruntime:, session_state.cc:1154 VerifyEachNodeIsAssignedToAnEp]   Reshape (/model.28/decoder/dec_bbox_head.5/layers.2/MatMul_pre_reshape)
2025-09-16 05:52:03.230967581 [V:onnxruntime:, session_state.cc:1154 VerifyEachNodeIsAssignedToAnEp]   Gemm (/model.28/decoder/dec_bbox_head.5/layers.2/MatMul)
2025-09-16 05:52:03.230972255 [V:onnxruntime:, session_state.cc:1154 VerifyEachNodeIsAssignedToAnEp]   Reshape (/model.28/decoder/dec_bbox_head.5/layers.2/MatMul_post_reshape)
2025-09-16 05:52:03.230977203 [V:onnxruntime:, session_state.cc:1154 VerifyEachNodeIsAssignedToAnEp]   Add (/model.28/decoder/Add_5)
2025-09-16 05:52:03.230981966 [V:onnxruntime:, session_state.cc:1154 VerifyEachNodeIsAssignedToAnEp]   Sigmoid (/model.28/decoder/Sigmoid_6)
2025-09-16 05:52:03.230986656 [V:onnxruntime:, session_state.cc:1154 VerifyEachNodeIsAssignedToAnEp]   Unsqueeze (/model.28/decoder/Unsqueeze)
2025-09-16 05:52:03.230991914 [V:onnxruntime:, session_state.cc:1154 VerifyEachNodeIsAssignedToAnEp]   Squeeze (/model.28/Squeeze)
2025-09-16 05:52:03.230996796 [V:onnxruntime:, session_state.cc:1154 VerifyEachNodeIsAssignedToAnEp]   Concat (/model.28/Concat_27)
2025-09-16 05:52:03.231002209 [V:onnxruntime:, session_state.cc:1154 VerifyEachNodeIsAssignedToAnEp]   Transpose (Transpose_token_0)
2025-09-16 05:52:03.231008222 [V:onnxruntime:, session_state.cc:1154 VerifyEachNodeIsAssignedToAnEp]   FusedConv (/model.0/stem1/conv/Conv)
2025-09-16 05:52:03.231013963 [V:onnxruntime:, session_state.cc:1154 VerifyEachNodeIsAssignedToAnEp]   FusedConv (/model.0/stem2a/conv/Conv)
2025-09-16 05:52:03.231019858 [V:onnxruntime:, session_state.cc:1154 VerifyEachNodeIsAssignedToAnEp]   FusedConv (/model.0/stem2b/conv/Conv)
2025-09-16 05:52:03.231025525 [V:onnxruntime:, session_state.cc:1154 VerifyEachNodeIsAssignedToAnEp]   FusedConv (/model.0/stem3/conv/Conv)
2025-09-16 05:52:03.231030885 [V:onnxruntime:, session_state.cc:1154 VerifyEachNodeIsAssignedToAnEp]   FusedConv (/model.0/stem4/conv/Conv)
2025-09-16 05:52:03.231035993 [V:onnxruntime:, session_state.cc:1154 VerifyEachNodeIsAssignedToAnEp]   FusedConv (/model.1/m.0/conv/Conv)
2025-09-16 05:52:03.231040365 [V:onnxruntime:, session_state.cc:1154 VerifyEachNodeIsAssignedToAnEp]   FusedConv (/model.1/m.1/conv/Conv)
2025-09-16 05:52:03.231045109 [V:onnxruntime:, session_state.cc:1154 VerifyEachNodeIsAssignedToAnEp]   FusedConv (/model.1/m.2/conv/Conv)
2025-09-16 05:52:03.231049669 [V:onnxruntime:, session_state.cc:1154 VerifyEachNodeIsAssignedToAnEp]   FusedConv (/model.1/m.3/conv/Conv)
2025-09-16 05:52:03.231054390 [V:onnxruntime:, session_state.cc:1154 VerifyEachNodeIsAssignedToAnEp]   FusedConv (/model.1/m.4/conv/Conv)
2025-09-16 05:52:03.231059834 [V:onnxruntime:, session_state.cc:1154 VerifyEachNodeIsAssignedToAnEp]   FusedConv (/model.1/m.5/conv/Conv)
2025-09-16 05:52:03.231064878 [V:onnxruntime:, session_state.cc:1154 VerifyEachNodeIsAssignedToAnEp]   FusedConv (/model.1/sc/conv/Conv)
2025-09-16 05:52:03.231070084 [V:onnxruntime:, session_state.cc:1154 VerifyEachNodeIsAssignedToAnEp]   FusedConv (/model.1/ec/conv/Conv)
2025-09-16 05:52:03.231075166 [V:onnxruntime:, session_state.cc:1154 VerifyEachNodeIsAssignedToAnEp]   FusedConv (/model.3/m.0/conv/Conv)
2025-09-16 05:52:03.231080895 [V:onnxruntime:, session_state.cc:1154 VerifyEachNodeIsAssignedToAnEp]   FusedConv (/model.3/m.1/conv/Conv)
2025-09-16 05:52:03.231086855 [V:onnxruntime:, session_state.cc:1154 VerifyEachNodeIsAssignedToAnEp]   FusedConv (/model.3/m.2/conv/Conv)
2025-09-16 05:52:03.231092562 [V:onnxruntime:, session_state.cc:1154 VerifyEachNodeIsAssignedToAnEp]   FusedConv (/model.3/m.3/conv/Conv)
2025-09-16 05:52:03.231098441 [V:onnxruntime:, session_state.cc:1154 VerifyEachNodeIsAssignedToAnEp]   FusedConv (/model.3/m.4/conv/Conv)
2025-09-16 05:52:03.231103948 [V:onnxruntime:, session_state.cc:1154 VerifyEachNodeIsAssignedToAnEp]   FusedConv (/model.3/m.5/conv/Conv)
2025-09-16 05:52:03.231108693 [V:onnxruntime:, session_state.cc:1154 VerifyEachNodeIsAssignedToAnEp]   FusedConv (/model.3/sc/conv/Conv)
2025-09-16 05:52:03.231113947 [V:onnxruntime:, session_state.cc:1154 VerifyEachNodeIsAssignedToAnEp]   FusedConv (/model.3/ec/conv/Conv)
2025-09-16 05:52:03.231118893 [V:onnxruntime:, session_state.cc:1154 VerifyEachNodeIsAssignedToAnEp]   FusedConv (/model.5/m.0/conv2/conv/Conv)
2025-09-16 05:52:03.231123532 [V:onnxruntime:, session_state.cc:1154 VerifyEachNodeIsAssignedToAnEp]   FusedConv (/model.5/m.1/conv2/conv/Conv)
2025-09-16 05:52:03.231128839 [V:onnxruntime:, session_state.cc:1154 VerifyEachNodeIsAssignedToAnEp]   FusedConv (/model.5/m.2/conv2/conv/Conv)
2025-09-16 05:52:03.231133430 [V:onnxruntime:, session_state.cc:1154 VerifyEachNodeIsAssignedToAnEp]   FusedConv (/model.5/m.3/conv2/conv/Conv)
2025-09-16 05:52:03.231138366 [V:onnxruntime:, session_state.cc:1154 VerifyEachNodeIsAssignedToAnEp]   FusedConv (/model.5/m.4/conv2/conv/Conv)
2025-09-16 05:52:03.231143423 [V:onnxruntime:, session_state.cc:1154 VerifyEachNodeIsAssignedToAnEp]   FusedConv (/model.5/m.5/conv2/conv/Conv)
2025-09-16 05:52:03.231148908 [V:onnxruntime:, session_state.cc:1154 VerifyEachNodeIsAssignedToAnEp]   FusedConv (/model.5/sc/conv/Conv)
2025-09-16 05:52:03.231154070 [V:onnxruntime:, session_state.cc:1154 VerifyEachNodeIsAssignedToAnEp]   FusedConv (/model.5/ec/conv/Conv)
2025-09-16 05:52:03.231160203 [V:onnxruntime:, session_state.cc:1154 VerifyEachNodeIsAssignedToAnEp]   FusedConv (/model.6/m.0/conv2/conv/Conv)
2025-09-16 05:52:03.231166095 [V:onnxruntime:, session_state.cc:1154 VerifyEachNodeIsAssignedToAnEp]   FusedConv (/model.6/m.1/conv2/conv/Conv)
2025-09-16 05:52:03.231172052 [V:onnxruntime:, session_state.cc:1154 VerifyEachNodeIsAssignedToAnEp]   FusedConv (/model.6/m.2/conv2/conv/Conv)
2025-09-16 05:52:03.231177275 [V:onnxruntime:, session_state.cc:1154 VerifyEachNodeIsAssignedToAnEp]   FusedConv (/model.6/m.3/conv2/conv/Conv)
2025-09-16 05:52:03.231182391 [V:onnxruntime:, session_state.cc:1154 VerifyEachNodeIsAssignedToAnEp]   FusedConv (/model.6/m.4/conv2/conv/Conv)
2025-09-16 05:52:03.231187175 [V:onnxruntime:, session_state.cc:1154 VerifyEachNodeIsAssignedToAnEp]   FusedConv (/model.6/m.5/conv2/conv/Conv)
2025-09-16 05:52:03.231192310 [V:onnxruntime:, session_state.cc:1154 VerifyEachNodeIsAssignedToAnEp]   FusedConv (/model.6/sc/conv/Conv)
2025-09-16 05:52:03.231197369 [V:onnxruntime:, session_state.cc:1154 VerifyEachNodeIsAssignedToAnEp]   FusedConv (/model.6/ec/conv/Conv)
2025-09-16 05:52:03.231202708 [V:onnxruntime:, session_state.cc:1154 VerifyEachNodeIsAssignedToAnEp]   FusedConv (/model.7/m.0/conv2/conv/Conv)
2025-09-16 05:52:03.231208121 [V:onnxruntime:, session_state.cc:1154 VerifyEachNodeIsAssignedToAnEp]   FusedConv (/model.7/m.1/conv2/conv/Conv)
2025-09-16 05:52:03.231213926 [V:onnxruntime:, session_state.cc:1154 VerifyEachNodeIsAssignedToAnEp]   FusedConv (/model.7/m.2/conv2/conv/Conv)
2025-09-16 05:52:03.231219695 [V:onnxruntime:, session_state.cc:1154 VerifyEachNodeIsAssignedToAnEp]   FusedConv (/model.7/m.3/conv2/conv/Conv)
2025-09-16 05:52:03.231225124 [V:onnxruntime:, session_state.cc:1154 VerifyEachNodeIsAssignedToAnEp]   FusedConv (/model.7/m.4/conv2/conv/Conv)
2025-09-16 05:52:03.231230462 [V:onnxruntime:, session_state.cc:1154 VerifyEachNodeIsAssignedToAnEp]   FusedConv (/model.7/m.5/conv2/conv/Conv)
2025-09-16 05:52:03.231235264 [V:onnxruntime:, session_state.cc:1154 VerifyEachNodeIsAssignedToAnEp]   FusedConv (/model.7/sc/conv/Conv)
2025-09-16 05:52:03.231240636 [V:onnxruntime:, session_state.cc:1154 VerifyEachNodeIsAssignedToAnEp]   FusedConv (/model.7/ec/conv/Conv)
2025-09-16 05:52:03.231245366 [V:onnxruntime:, session_state.cc:1154 VerifyEachNodeIsAssignedToAnEp]   FusedConv (/model.9/m.0/conv2/conv/Conv)
2025-09-16 05:52:03.231250823 [V:onnxruntime:, session_state.cc:1154 VerifyEachNodeIsAssignedToAnEp]   FusedConv (/model.9/m.1/conv2/conv/Conv)
2025-09-16 05:52:03.231255841 [V:onnxruntime:, session_state.cc:1154 VerifyEachNodeIsAssignedToAnEp]   FusedConv (/model.9/m.2/conv2/conv/Conv)
2025-09-16 05:52:03.231260844 [V:onnxruntime:, session_state.cc:1154 VerifyEachNodeIsAssignedToAnEp]   FusedConv (/model.9/m.3/conv2/conv/Conv)
2025-09-16 05:52:03.231265897 [V:onnxruntime:, session_state.cc:1154 VerifyEachNodeIsAssignedToAnEp]   FusedConv (/model.9/m.4/conv2/conv/Conv)
2025-09-16 05:52:03.231270591 [V:onnxruntime:, session_state.cc:1154 VerifyEachNodeIsAssignedToAnEp]   FusedConv (/model.9/m.5/conv2/conv/Conv)
2025-09-16 05:52:03.231275171 [V:onnxruntime:, session_state.cc:1154 VerifyEachNodeIsAssignedToAnEp]   FusedConv (/model.9/sc/conv/Conv)
2025-09-16 05:52:03.231279636 [V:onnxruntime:, session_state.cc:1154 VerifyEachNodeIsAssignedToAnEp]   FusedConv (/model.9/ec/conv/Conv)
2025-09-16 05:52:03.231284765 [V:onnxruntime:, session_state.cc:1154 VerifyEachNodeIsAssignedToAnEp]   Gelu (Gelu)
2025-09-16 05:52:03.231290506 [V:onnxruntime:, session_state.cc:1154 VerifyEachNodeIsAssignedToAnEp]   Split (/model.28/decoder/layers.0/cross_attn/Slice_1/GatherSliceToSplitFusion/)
2025-09-16 05:52:03.231296394 [V:onnxruntime:, session_state.cc:1154 VerifyEachNodeIsAssignedToAnEp]   Squeeze (Squeeze)
2025-09-16 05:52:03.231302389 [V:onnxruntime:, session_state.cc:1154 VerifyEachNodeIsAssignedToAnEp]   Squeeze (Squeeze_token_3)
2025-09-16 05:52:03.231308222 [V:onnxruntime:, session_state.cc:1154 VerifyEachNodeIsAssignedToAnEp]   Squeeze (Squeeze_token_6)
2025-09-16 05:52:03.231313637 [V:onnxruntime:, session_state.cc:1154 VerifyEachNodeIsAssignedToAnEp]   Split (/model.28/decoder/layers.0/cross_attn/Gather_11/GatherSliceToSplitFusion/)
2025-09-16 05:52:03.231319096 [V:onnxruntime:, session_state.cc:1154 VerifyEachNodeIsAssignedToAnEp]   Split (/model.28/decoder/layers.0/cross_attn/Slice_4/GatherSliceToSplitFusion/)
2025-09-16 05:52:03.231324429 [V:onnxruntime:, session_state.cc:1154 VerifyEachNodeIsAssignedToAnEp]   Split (/model.28/decoder/layers.1/cross_attn/Slice_1/GatherSliceToSplitFusion/)
2025-09-16 05:52:03.231330045 [V:onnxruntime:, session_state.cc:1154 VerifyEachNodeIsAssignedToAnEp]   Squeeze (Squeeze_token_12)
2025-09-16 05:52:03.231335445 [V:onnxruntime:, session_state.cc:1154 VerifyEachNodeIsAssignedToAnEp]   Squeeze (Squeeze_token_15)
2025-09-16 05:52:03.231340121 [V:onnxruntime:, session_state.cc:1154 VerifyEachNodeIsAssignedToAnEp]   Squeeze (Squeeze_token_18)
2025-09-16 05:52:03.231344860 [V:onnxruntime:, session_state.cc:1154 VerifyEachNodeIsAssignedToAnEp]   Split (/model.28/decoder/layers.1/cross_attn/Gather_10/GatherSliceToSplitFusion/)
2025-09-16 05:52:03.231349731 [V:onnxruntime:, session_state.cc:1154 VerifyEachNodeIsAssignedToAnEp]   Split (/model.28/decoder/layers.1/cross_attn/Slice_4/GatherSliceToSplitFusion/)
2025-09-16 05:52:03.231354352 [V:onnxruntime:, session_state.cc:1154 VerifyEachNodeIsAssignedToAnEp]   Split (/model.28/decoder/layers.2/cross_attn/Slice_1/GatherSliceToSplitFusion/)
2025-09-16 05:52:03.231358785 [V:onnxruntime:, session_state.cc:1154 VerifyEachNodeIsAssignedToAnEp]   Squeeze (Squeeze_token_24)
2025-09-16 05:52:03.231363960 [V:onnxruntime:, session_state.cc:1154 VerifyEachNodeIsAssignedToAnEp]   Squeeze (Squeeze_token_27)
2025-09-16 05:52:03.231369508 [V:onnxruntime:, session_state.cc:1154 VerifyEachNodeIsAssignedToAnEp]   Squeeze (Squeeze_token_30)
2025-09-16 05:52:03.231374455 [V:onnxruntime:, session_state.cc:1154 VerifyEachNodeIsAssignedToAnEp]   Split (/model.28/decoder/layers.2/cross_attn/Gather_10/GatherSliceToSplitFusion/)
2025-09-16 05:52:03.231379643 [V:onnxruntime:, session_state.cc:1154 VerifyEachNodeIsAssignedToAnEp]   Split (/model.28/decoder/layers.2/cross_attn/Slice_4/GatherSliceToSplitFusion/)
2025-09-16 05:52:03.231384592 [V:onnxruntime:, session_state.cc:1154 VerifyEachNodeIsAssignedToAnEp]   Split (/model.28/decoder/layers.3/cross_attn/Slice_1/GatherSliceToSplitFusion/)
2025-09-16 05:52:03.231390064 [V:onnxruntime:, session_state.cc:1154 VerifyEachNodeIsAssignedToAnEp]   Squeeze (Squeeze_token_36)
2025-09-16 05:52:03.231395899 [V:onnxruntime:, session_state.cc:1154 VerifyEachNodeIsAssignedToAnEp]   Squeeze (Squeeze_token_39)
2025-09-16 05:52:03.231401801 [V:onnxruntime:, session_state.cc:1154 VerifyEachNodeIsAssignedToAnEp]   Squeeze (Squeeze_token_42)
2025-09-16 05:52:03.231407549 [V:onnxruntime:, session_state.cc:1154 VerifyEachNodeIsAssignedToAnEp]   Split (/model.28/decoder/layers.3/cross_attn/Gather_10/GatherSliceToSplitFusion/)
2025-09-16 05:52:03.231413416 [V:onnxruntime:, session_state.cc:1154 VerifyEachNodeIsAssignedToAnEp]   Split (/model.28/decoder/layers.3/cross_attn/Slice_4/GatherSliceToSplitFusion/)
2025-09-16 05:52:03.231418794 [V:onnxruntime:, session_state.cc:1154 VerifyEachNodeIsAssignedToAnEp]   Split (/model.28/decoder/layers.4/cross_attn/Slice_1/GatherSliceToSplitFusion/)
2025-09-16 05:52:03.231424578 [V:onnxruntime:, session_state.cc:1154 VerifyEachNodeIsAssignedToAnEp]   Squeeze (Squeeze_token_48)
2025-09-16 05:52:03.231435534 [V:onnxruntime:, session_state.cc:1154 VerifyEachNodeIsAssignedToAnEp]   Squeeze (Squeeze_token_51)
2025-09-16 05:52:03.231440513 [V:onnxruntime:, session_state.cc:1154 VerifyEachNodeIsAssignedToAnEp]   Squeeze (Squeeze_token_54)
2025-09-16 05:52:03.231445239 [V:onnxruntime:, session_state.cc:1154 VerifyEachNodeIsAssignedToAnEp]   Split (/model.28/decoder/layers.4/cross_attn/Gather_10/GatherSliceToSplitFusion/)
2025-09-16 05:52:03.231450419 [V:onnxruntime:, session_state.cc:1154 VerifyEachNodeIsAssignedToAnEp]   Split (/model.28/decoder/layers.4/cross_attn/Slice_4/GatherSliceToSplitFusion/)
2025-09-16 05:52:03.231454970 [V:onnxruntime:, session_state.cc:1154 VerifyEachNodeIsAssignedToAnEp]   Split (/model.28/decoder/layers.5/cross_attn/Slice_1/GatherSliceToSplitFusion/)
2025-09-16 05:52:03.231459760 [V:onnxruntime:, session_state.cc:1154 VerifyEachNodeIsAssignedToAnEp]   Squeeze (Squeeze_token_60)
2025-09-16 05:52:03.231464508 [V:onnxruntime:, session_state.cc:1154 VerifyEachNodeIsAssignedToAnEp]   Squeeze (Squeeze_token_63)
2025-09-16 05:52:03.231469742 [V:onnxruntime:, session_state.cc:1154 VerifyEachNodeIsAssignedToAnEp]   Squeeze (Squeeze_token_66)
2025-09-16 05:52:03.231474326 [V:onnxruntime:, session_state.cc:1154 VerifyEachNodeIsAssignedToAnEp]   Split (/model.28/decoder/layers.5/cross_attn/Gather_10/GatherSliceToSplitFusion/)
2025-09-16 05:52:03.231479203 [V:onnxruntime:, session_state.cc:1154 VerifyEachNodeIsAssignedToAnEp]   Split (/model.28/decoder/layers.5/cross_attn/Slice_4/GatherSliceToSplitFusion/)
2025-09-16 05:52:03.231484771 [V:onnxruntime:, session_state.cc:1154 VerifyEachNodeIsAssignedToAnEp]   FusedMatMul (/model.11/ma/MatMul_4/MatmulTransposeFusion/)
2025-09-16 05:52:03.231490645 [V:onnxruntime:, session_state.cc:1154 VerifyEachNodeIsAssignedToAnEp]   FusedMatMul (/model.28/decoder/layers.0/self_attn/MatMul_4/MatmulTransposeFusion/)
2025-09-16 05:52:03.231496203 [V:onnxruntime:, session_state.cc:1154 VerifyEachNodeIsAssignedToAnEp]   FusedMatMul (/model.28/decoder/layers.1/self_attn/MatMul_4/MatmulTransposeFusion/)
2025-09-16 05:52:03.231501823 [V:onnxruntime:, session_state.cc:1154 VerifyEachNodeIsAssignedToAnEp]   FusedMatMul (/model.28/decoder/layers.2/self_attn/MatMul_4/MatmulTransposeFusion/)
2025-09-16 05:52:03.231507652 [V:onnxruntime:, session_state.cc:1154 VerifyEachNodeIsAssignedToAnEp]   FusedMatMul (/model.28/decoder/layers.3/self_attn/MatMul_4/MatmulTransposeFusion/)
2025-09-16 05:52:03.231513481 [V:onnxruntime:, session_state.cc:1154 VerifyEachNodeIsAssignedToAnEp]   FusedMatMul (/model.28/decoder/layers.4/self_attn/MatMul_4/MatmulTransposeFusion/)
2025-09-16 05:52:03.231518990 [V:onnxruntime:, session_state.cc:1154 VerifyEachNodeIsAssignedToAnEp]   FusedMatMul (/model.28/decoder/layers.5/self_attn/MatMul_4/MatmulTransposeFusion/)
2025-09-16 05:52:03.231524426 [V:onnxruntime:, session_state.cc:1154 VerifyEachNodeIsAssignedToAnEp]   SkipLayerNormalization (SkipLayerNormalization)
2025-09-16 05:52:03.231529740 [V:onnxruntime:, session_state.cc:1154 VerifyEachNodeIsAssignedToAnEp]   SkipLayerNormalization (SkipLayerNormalization_token_69)
2025-09-16 05:52:03.231535399 [V:onnxruntime:, session_state.cc:1154 VerifyEachNodeIsAssignedToAnEp]   SkipLayerNormalization (SkipLayerNormalization_token_70)
2025-09-16 05:52:03.231541109 [V:onnxruntime:, session_state.cc:1154 VerifyEachNodeIsAssignedToAnEp]   SkipLayerNormalization (SkipLayerNormalization_token_71)
2025-09-16 05:52:03.231546499 [V:onnxruntime:, session_state.cc:1154 VerifyEachNodeIsAssignedToAnEp]   SkipLayerNormalization (SkipLayerNormalization_token_72)
2025-09-16 05:52:03.231552050 [V:onnxruntime:, session_state.cc:1154 VerifyEachNodeIsAssignedToAnEp]   SkipLayerNormalization (SkipLayerNormalization_token_73)
2025-09-16 05:52:03.231557459 [V:onnxruntime:, session_state.cc:1154 VerifyEachNodeIsAssignedToAnEp]   SkipLayerNormalization (SkipLayerNormalization_token_74)
2025-09-16 05:52:03.231563038 [V:onnxruntime:, session_state.cc:1154 VerifyEachNodeIsAssignedToAnEp]   SkipLayerNormalization (SkipLayerNormalization_token_75)
2025-09-16 05:52:03.231568756 [V:onnxruntime:, session_state.cc:1154 VerifyEachNodeIsAssignedToAnEp]   SkipLayerNormalization (SkipLayerNormalization_token_76)
2025-09-16 05:52:03.231574526 [V:onnxruntime:, session_state.cc:1154 VerifyEachNodeIsAssignedToAnEp]   SkipLayerNormalization (SkipLayerNormalization_token_77)
2025-09-16 05:52:03.231579227 [V:onnxruntime:, session_state.cc:1154 VerifyEachNodeIsAssignedToAnEp]   SkipLayerNormalization (SkipLayerNormalization_token_78)
2025-09-16 05:52:03.231583857 [V:onnxruntime:, session_state.cc:1154 VerifyEachNodeIsAssignedToAnEp]   SkipLayerNormalization (SkipLayerNormalization_token_79)
2025-09-16 05:52:03.231594375 [V:onnxruntime:, session_state.cc:1154 VerifyEachNodeIsAssignedToAnEp]   SkipLayerNormalization (SkipLayerNormalization_token_80)
2025-09-16 05:52:03.231598818 [V:onnxruntime:, session_state.cc:1154 VerifyEachNodeIsAssignedToAnEp]   SkipLayerNormalization (SkipLayerNormalization_token_81)
2025-09-16 05:52:03.231603758 [V:onnxruntime:, session_state.cc:1154 VerifyEachNodeIsAssignedToAnEp]   SkipLayerNormalization (SkipLayerNormalization_token_82)
2025-09-16 05:52:03.231609440 [V:onnxruntime:, session_state.cc:1154 VerifyEachNodeIsAssignedToAnEp]   SkipLayerNormalization (SkipLayerNormalization_token_83)
2025-09-16 05:52:03.231614703 [V:onnxruntime:, session_state.cc:1154 VerifyEachNodeIsAssignedToAnEp]   SkipLayerNormalization (SkipLayerNormalization_token_84)
2025-09-16 05:52:03.231621672 [V:onnxruntime:, session_state.cc:1154 VerifyEachNodeIsAssignedToAnEp]   SkipLayerNormalization (SkipLayerNormalization_token_85)
2025-09-16 05:52:03.231626803 [V:onnxruntime:, session_state.cc:1154 VerifyEachNodeIsAssignedToAnEp]   SkipLayerNormalization (SkipLayerNormalization_token_86)
2025-09-16 05:52:03.231632448 [V:onnxruntime:, session_state.cc:1154 VerifyEachNodeIsAssignedToAnEp]   SkipLayerNormalization (SkipLayerNormalization_token_87)
2025-09-16 05:52:03.231684483 [V:onnxruntime:, session_state.cc:1154 VerifyEachNodeIsAssignedToAnEp]   QuickGelu (/model.12/act/Mul/QuickGeluFusion/)
2025-09-16 05:52:03.231689688 [V:onnxruntime:, session_state.cc:1154 VerifyEachNodeIsAssignedToAnEp]   QuickGelu (/model.16/cv1/act/Mul/QuickGeluFusion/)
2025-09-16 05:52:03.231694226 [V:onnxruntime:, session_state.cc:1154 VerifyEachNodeIsAssignedToAnEp]   QuickGelu (/model.16/m/m.0/act/Mul/QuickGeluFusion/)
2025-09-16 05:52:03.231699229 [V:onnxruntime:, session_state.cc:1154 VerifyEachNodeIsAssignedToAnEp]   QuickGelu (/model.16/m/m.1/act/Mul/QuickGeluFusion/)
2025-09-16 05:52:03.231704192 [V:onnxruntime:, session_state.cc:1154 VerifyEachNodeIsAssignedToAnEp]   QuickGelu (/model.16/m/m.2/act/Mul/QuickGeluFusion/)
2025-09-16 05:52:03.231709999 [V:onnxruntime:, session_state.cc:1154 VerifyEachNodeIsAssignedToAnEp]   QuickGelu (/model.16/cv2/act/Mul/QuickGeluFusion/)
2025-09-16 05:52:03.231715765 [V:onnxruntime:, session_state.cc:1154 VerifyEachNodeIsAssignedToAnEp]   QuickGelu (/model.17/act/Mul/QuickGeluFusion/)
2025-09-16 05:52:03.231720880 [V:onnxruntime:, session_state.cc:1154 VerifyEachNodeIsAssignedToAnEp]   QuickGelu (/model.21/cv1/act/Mul/QuickGeluFusion/)
2025-09-16 05:52:03.231726170 [V:onnxruntime:, session_state.cc:1154 VerifyEachNodeIsAssignedToAnEp]   QuickGelu (/model.21/m/m.0/act/Mul/QuickGeluFusion/)
2025-09-16 05:52:03.231731560 [V:onnxruntime:, session_state.cc:1154 VerifyEachNodeIsAssignedToAnEp]   QuickGelu (/model.21/m/m.1/act/Mul/QuickGeluFusion/)
2025-09-16 05:52:03.231736768 [V:onnxruntime:, session_state.cc:1154 VerifyEachNodeIsAssignedToAnEp]   QuickGelu (/model.21/m/m.2/act/Mul/QuickGeluFusion/)
2025-09-16 05:52:03.231741962 [V:onnxruntime:, session_state.cc:1154 VerifyEachNodeIsAssignedToAnEp]   QuickGelu (/model.21/cv2/act/Mul/QuickGeluFusion/)
2025-09-16 05:52:03.231747327 [V:onnxruntime:, session_state.cc:1154 VerifyEachNodeIsAssignedToAnEp]   QuickGelu (/model.22/act/Mul/QuickGeluFusion/)
2025-09-16 05:52:03.231752588 [V:onnxruntime:, session_state.cc:1154 VerifyEachNodeIsAssignedToAnEp]   QuickGelu (/model.24/cv1/act/Mul/QuickGeluFusion/)
2025-09-16 05:52:03.231757980 [V:onnxruntime:, session_state.cc:1154 VerifyEachNodeIsAssignedToAnEp]   QuickGelu (/model.24/m/m.0/act/Mul/QuickGeluFusion/)
2025-09-16 05:52:03.231763000 [V:onnxruntime:, session_state.cc:1154 VerifyEachNodeIsAssignedToAnEp]   QuickGelu (/model.24/m/m.1/act/Mul/QuickGeluFusion/)
2025-09-16 05:52:03.231768418 [V:onnxruntime:, session_state.cc:1154 VerifyEachNodeIsAssignedToAnEp]   QuickGelu (/model.24/m/m.2/act/Mul/QuickGeluFusion/)
2025-09-16 05:52:03.231774034 [V:onnxruntime:, session_state.cc:1154 VerifyEachNodeIsAssignedToAnEp]   QuickGelu (/model.24/cv2/act/Mul/QuickGeluFusion/)
2025-09-16 05:52:03.231779385 [V:onnxruntime:, session_state.cc:1154 VerifyEachNodeIsAssignedToAnEp]   QuickGelu (/model.25/act/Mul/QuickGeluFusion/)
2025-09-16 05:52:03.231783884 [V:onnxruntime:, session_state.cc:1154 VerifyEachNodeIsAssignedToAnEp]   QuickGelu (/model.27/cv1/act/Mul/QuickGeluFusion/)
2025-09-16 05:52:03.231789329 [V:onnxruntime:, session_state.cc:1154 VerifyEachNodeIsAssignedToAnEp]   QuickGelu (/model.27/m/m.0/act/Mul/QuickGeluFusion/)
2025-09-16 05:52:03.231796159 [V:onnxruntime:, session_state.cc:1154 VerifyEachNodeIsAssignedToAnEp]   QuickGelu (/model.27/m/m.1/act/Mul/QuickGeluFusion/)
2025-09-16 05:52:03.231800797 [V:onnxruntime:, session_state.cc:1154 VerifyEachNodeIsAssignedToAnEp]   QuickGelu (/model.27/m/m.2/act/Mul/QuickGeluFusion/)
2025-09-16 05:52:03.231804922 [V:onnxruntime:, session_state.cc:1154 VerifyEachNodeIsAssignedToAnEp]   QuickGelu (/model.27/cv2/act/Mul/QuickGeluFusion/)
2025-09-16 05:52:03.231808948 [V:onnxruntime:, session_state.cc:1154 VerifyEachNodeIsAssignedToAnEp]   FusedMatMul (/model.11/ma/MatMul_3/MatmulTransposeFusion//MatMulScaleFusion//MatmulTransposeFusion/)
2025-09-16 05:52:03.231813211 [V:onnxruntime:, session_state.cc:1154 VerifyEachNodeIsAssignedToAnEp]   FusedMatMul (/model.28/decoder/layers.0/self_attn/MatMul_3/MatmulTransposeFusion//MatMulScaleFusion//MatmulTransposeFusion/)
2025-09-16 05:52:03.231818088 [V:onnxruntime:, session_state.cc:1154 VerifyEachNodeIsAssignedToAnEp]   FusedMatMul (/model.28/decoder/layers.1/self_attn/MatMul_3/MatmulTransposeFusion//MatMulScaleFusion//MatmulTransposeFusion/)
2025-09-16 05:52:03.231822540 [V:onnxruntime:, session_state.cc:1154 VerifyEachNodeIsAssignedToAnEp]   FusedMatMul (/model.28/decoder/layers.2/self_attn/MatMul_3/MatmulTransposeFusion//MatMulScaleFusion//MatmulTransposeFusion/)
2025-09-16 05:52:03.231827326 [V:onnxruntime:, session_state.cc:1154 VerifyEachNodeIsAssignedToAnEp]   FusedMatMul (/model.28/decoder/layers.3/self_attn/MatMul_3/MatmulTransposeFusion//MatMulScaleFusion//MatmulTransposeFusion/)
2025-09-16 05:52:03.231832708 [V:onnxruntime:, session_state.cc:1154 VerifyEachNodeIsAssignedToAnEp]   FusedMatMul (/model.28/decoder/layers.4/self_attn/MatMul_3/MatmulTransposeFusion//MatMulScaleFusion//MatmulTransposeFusion/)
2025-09-16 05:52:03.231884842 [V:onnxruntime:, session_state.cc:1154 VerifyEachNodeIsAssignedToAnEp]   FusedMatMul (/model.28/decoder/layers.5/self_attn/MatMul_3/MatmulTransposeFusion//MatMulScaleFusion//MatmulTransposeFusion/)
2025-09-16 05:52:03.231889895 [V:onnxruntime:, session_state.cc:1154 VerifyEachNodeIsAssignedToAnEp]   MemcpyFromHost (Memcpy)
2025-09-16 05:52:03.231894765 [V:onnxruntime:, session_state.cc:1154 VerifyEachNodeIsAssignedToAnEp]   MemcpyFromHost (Memcpy_token_88)
2025-09-16 05:52:03.231900538 [V:onnxruntime:, session_state.cc:1154 VerifyEachNodeIsAssignedToAnEp]   MemcpyFromHost (Memcpy_token_89)
2025-09-16 05:52:03.231906446 [V:onnxruntime:, session_state.cc:1154 VerifyEachNodeIsAssignedToAnEp]   MemcpyToHost (Memcpy_token_90)
2025-09-16 05:52:03.231912332 [V:onnxruntime:, session_state.cc:1154 VerifyEachNodeIsAssignedToAnEp]   MemcpyToHost (Memcpy_token_91)
2025-09-16 05:52:03.231918278 [V:onnxruntime:, session_state.cc:1154 VerifyEachNodeIsAssignedToAnEp]   MemcpyToHost (Memcpy_token_92)
2025-09-16 05:52:03.231925817 [V:onnxruntime:, session_state.cc:1152 VerifyEachNodeIsAssignedToAnEp]  Node(s) placed on [CPUExecutionProvider]. Number of nodes: 3
2025-09-16 05:52:03.231931821 [V:onnxruntime:, session_state.cc:1154 VerifyEachNodeIsAssignedToAnEp]   Pad (/model.0/Pad)
2025-09-16 05:52:03.231937362 [V:onnxruntime:, session_state.cc:1154 VerifyEachNodeIsAssignedToAnEp]   Resize (/model.13/Resize)
2025-09-16 05:52:03.231944370 [V:onnxruntime:, session_state.cc:1154 VerifyEachNodeIsAssignedToAnEp]   Resize (/model.18/Resize)
[0;93m2025-09-16 05:52:03.231952832 [W:onnxruntime:, session_state.cc:1166 VerifyEachNodeIsAssignedToAnEp] Some nodes were not assigned to the preferred execution providers which may or may not have an negative impact on performance. e.g. ORT explicitly assigns shape related ops to CPU to improve perf.[m
2025-09-16 05:52:03.237086851 [V:onnxruntime:, session_state.cc:126 CreateGraphInfo] SaveMLValueNameIndexMapping
2025-09-16 05:52:03.237972856 [V:onnxruntime:, session_state.cc:172 CreateGraphInfo] Done saving OrtValue mappings.
2025-09-16 05:52:03.298385706 [I:onnxruntime:, allocation_planner.cc:2567 CreateGraphPartitioner] Use DeviceBasedPartition as default
2025-09-16 05:52:03.311485341 [I:onnxruntime:, session_state_utils.cc:209 SaveInitializedTensors] Saving initialized tensors.
2025-09-16 05:52:03.311704360 [I:onnxruntime:log, bfc_arena.cc:347 AllocateRawInternal] Extending BFCArena for Cuda. bin_num:1 (requested) num_bytes: 768 (actual) rounded_bytes:768
2025-09-16 05:52:03.311767459 [I:onnxruntime:log, bfc_arena.cc:206 Extend] Extended allocation by 1048576 bytes.
2025-09-16 05:52:03.311775354 [I:onnxruntime:log, bfc_arena.cc:209 Extend] Total allocated bytes: 1048576
2025-09-16 05:52:03.311783341 [I:onnxruntime:log, bfc_arena.cc:212 Extend] Allocated memory at 0x155338826800 to 0x155338926800
2025-09-16 05:52:03.311801495 [I:onnxruntime:log, bfc_arena.cc:347 AllocateRawInternal] Extending BFCArena for Cpu. bin_num:1 (requested) num_bytes: 768 (actual) rounded_bytes:768
2025-09-16 05:52:03.311808923 [I:onnxruntime:log, bfc_arena.cc:206 Extend] Extended allocation by 1048576 bytes.
2025-09-16 05:52:03.311814052 [I:onnxruntime:log, bfc_arena.cc:209 Extend] Total allocated bytes: 1048576
2025-09-16 05:52:03.311819751 [I:onnxruntime:log, bfc_arena.cc:212 Extend] Allocated memory at 0x15520d62e440 to 0x15520d72e440
2025-09-16 05:52:03.312557802 [I:onnxruntime:log, bfc_arena.cc:347 AllocateRawInternal] Extending BFCArena for Cuda. bin_num:8 (requested) num_bytes: 82944 (actual) rounded_bytes:82944
2025-09-16 05:52:03.313030436 [I:onnxruntime:log, bfc_arena.cc:206 Extend] Extended allocation by 2097152 bytes.
2025-09-16 05:52:03.313041867 [I:onnxruntime:log, bfc_arena.cc:209 Extend] Total allocated bytes: 3145728
2025-09-16 05:52:03.313046528 [I:onnxruntime:log, bfc_arena.cc:212 Extend] Allocated memory at 0x155339400000 to 0x155339600000
2025-09-16 05:52:03.314184787 [I:onnxruntime:log, bfc_arena.cc:347 AllocateRawInternal] Extending BFCArena for Cuda. bin_num:10 (requested) num_bytes: 331776 (actual) rounded_bytes:331776
2025-09-16 05:52:03.314586203 [I:onnxruntime:log, bfc_arena.cc:206 Extend] Extended allocation by 4194304 bytes.
2025-09-16 05:52:03.314595249 [I:onnxruntime:log, bfc_arena.cc:209 Extend] Total allocated bytes: 7340032
2025-09-16 05:52:03.314599689 [I:onnxruntime:log, bfc_arena.cc:212 Extend] Allocated memory at 0x155339600000 to 0x155339a00000
2025-09-16 05:52:03.315296293 [I:onnxruntime:log, bfc_arena.cc:347 AllocateRawInternal] Extending BFCArena for Cpu. bin_num:13 (requested) num_bytes: 2359296 (actual) rounded_bytes:2359296
2025-09-16 05:52:03.315343297 [I:onnxruntime:log, bfc_arena.cc:206 Extend] Extended allocation by 4194304 bytes.
2025-09-16 05:52:03.315350412 [I:onnxruntime:log, bfc_arena.cc:209 Extend] Total allocated bytes: 5242880
2025-09-16 05:52:03.315355950 [I:onnxruntime:log, bfc_arena.cc:212 Extend] Allocated memory at 0x15520db9a7c0 to 0x15520df9a7c0
2025-09-16 05:52:03.318494282 [I:onnxruntime:log, bfc_arena.cc:347 AllocateRawInternal] Extending BFCArena for Cuda. bin_num:9 (requested) num_bytes: 147456 (actual) rounded_bytes:147456
2025-09-16 05:52:03.318975948 [I:onnxruntime:log, bfc_arena.cc:206 Extend] Extended allocation by 8388608 bytes.
2025-09-16 05:52:03.318987554 [I:onnxruntime:log, bfc_arena.cc:209 Extend] Total allocated bytes: 15728640
2025-09-16 05:52:03.318992097 [I:onnxruntime:log, bfc_arena.cc:212 Extend] Allocated memory at 0x15525e000000 to 0x15525e800000
2025-09-16 05:52:03.322804081 [I:onnxruntime:log, bfc_arena.cc:347 AllocateRawInternal] Extending BFCArena for Cuda. bin_num:10 (requested) num_bytes: 331776 (actual) rounded_bytes:331776
2025-09-16 05:52:03.323213029 [I:onnxruntime:log, bfc_arena.cc:206 Extend] Extended allocation by 16777216 bytes.
2025-09-16 05:52:03.323223120 [I:onnxruntime:log, bfc_arena.cc:209 Extend] Total allocated bytes: 32505856
2025-09-16 05:52:03.323229531 [I:onnxruntime:log, bfc_arena.cc:212 Extend] Allocated memory at 0x15525e800000 to 0x15525f800000
2025-09-16 05:52:03.323588146 [I:onnxruntime:log, bfc_arena.cc:347 AllocateRawInternal] Extending BFCArena for Cpu. bin_num:15 (requested) num_bytes: 8388608 (actual) rounded_bytes:8388608
2025-09-16 05:52:03.323627050 [I:onnxruntime:log, bfc_arena.cc:206 Extend] Extended allocation by 8388608 bytes.
2025-09-16 05:52:03.323636592 [I:onnxruntime:log, bfc_arena.cc:209 Extend] Total allocated bytes: 13631488
2025-09-16 05:52:03.323645065 [I:onnxruntime:log, bfc_arena.cc:212 Extend] Allocated memory at 0x1552653ff040 to 0x155265bff040
2025-09-16 05:52:03.335816438 [I:onnxruntime:log, bfc_arena.cc:347 AllocateRawInternal] Extending BFCArena for Cuda. bin_num:13 (requested) num_bytes: 2097152 (actual) rounded_bytes:2097152
2025-09-16 05:52:03.336247685 [I:onnxruntime:log, bfc_arena.cc:206 Extend] Extended allocation by 33554432 bytes.
2025-09-16 05:52:03.336269306 [I:onnxruntime:log, bfc_arena.cc:209 Extend] Total allocated bytes: 66060288
2025-09-16 05:52:03.336275247 [I:onnxruntime:log, bfc_arena.cc:212 Extend] Allocated memory at 0x155202000000 to 0x155204000000
2025-09-16 05:52:03.354787144 [I:onnxruntime:log, bfc_arena.cc:347 AllocateRawInternal] Extending BFCArena for Cuda. bin_num:6 (requested) num_bytes: 19200 (actual) rounded_bytes:19200
2025-09-16 05:52:03.355284577 [I:onnxruntime:log, bfc_arena.cc:206 Extend] Extended allocation by 67108864 bytes.
2025-09-16 05:52:03.355295390 [I:onnxruntime:log, bfc_arena.cc:209 Extend] Total allocated bytes: 133169152
2025-09-16 05:52:03.355299720 [I:onnxruntime:log, bfc_arena.cc:212 Extend] Allocated memory at 0x1551fe000000 to 0x155202000000
2025-09-16 05:52:03.360943715 [I:onnxruntime:log, bfc_arena.cc:347 AllocateRawInternal] Extending BFCArena for Cpu. bin_num:15 (requested) num_bytes: 13631488 (actual) rounded_bytes:13631488
2025-09-16 05:52:03.360978130 [I:onnxruntime:log, bfc_arena.cc:206 Extend] Extended allocation by 16777216 bytes.
2025-09-16 05:52:03.360982281 [I:onnxruntime:log, bfc_arena.cc:209 Extend] Total allocated bytes: 30408704
2025-09-16 05:52:03.360986281 [I:onnxruntime:log, bfc_arena.cc:212 Extend] Allocated memory at 0x1552643fe040 to 0x1552653fe040
2025-09-16 05:52:03.399450606 [I:onnxruntime:log, bfc_arena.cc:347 AllocateRawInternal] Extending BFCArena for Cuda. bin_num:4 (requested) num_bytes: 4096 (actual) rounded_bytes:4096
2025-09-16 05:52:03.399801319 [I:onnxruntime:log, bfc_arena.cc:206 Extend] Extended allocation by 134217728 bytes.
2025-09-16 05:52:03.399814816 [I:onnxruntime:log, bfc_arena.cc:209 Extend] Total allocated bytes: 267386880
2025-09-16 05:52:03.399817694 [I:onnxruntime:log, bfc_arena.cc:212 Extend] Allocated memory at 0x1551f6000000 to 0x1551fe000000
2025-09-16 05:52:03.408022886 [I:onnxruntime:, session_state_utils.cc:360 SaveInitializedTensors] Done saving initialized tensors
2025-09-16 05:52:03.410227503 [I:onnxruntime:, inference_session.cc:2094 Initialize] Session successfully initialized.
I0916 05:52:03.410558 1 backend_model_instance.cc:783] "Starting backend thread for rtdetr_0_0 at nice 0 on device 0..."
I0916 05:52:03.411172 1 model_lifecycle.cc:839] "successfully loaded 'rtdetr'"
I0916 05:52:03.411266 1 server.cc:604] 
+------------------+------+
| Repository Agent | Path |
+------------------+------+
+------------------+------+

I0916 05:52:03.411302 1 server.cc:631] 
+-------------+-----------------------------------------------------------------+---------------------------------------------------------------------------------------------------------------------------------------------------------------+
| Backend     | Path                                                            | Config                                                                                                                                                        |
+-------------+-----------------------------------------------------------------+---------------------------------------------------------------------------------------------------------------------------------------------------------------+
| onnxruntime | /opt/tritonserver/backends/onnxruntime/libtriton_onnxruntime.so | {"cmdline":{"auto-complete-config":"true","backend-directory":"/opt/tritonserver/backends","min-compute-capability":"6.000000","default-max-batch-size":"4"}} |
+-------------+-----------------------------------------------------------------+---------------------------------------------------------------------------------------------------------------------------------------------------------------+

I0916 05:52:03.411359 1 server.cc:674] 
+--------+---------+--------+
| Model  | Version | Status |
+--------+---------+--------+
| rtdetr | 1       | READY  |
+--------+---------+--------+

I0916 05:52:03.480234 1 metrics.cc:877] "Collecting metrics for GPU 0: NVIDIA H100 80GB HBM3"
I0916 05:52:03.487923 1 metrics.cc:770] "Collecting CPU metrics"
I0916 05:52:03.488089 1 tritonserver.cc:2598] 
+----------------------------------+-----------------------------------------------------------------------------------------------------------------------------------------------------------------------------------------------------------------+
| Option                           | Value                                                                                                                                                                                                           |
+----------------------------------+-----------------------------------------------------------------------------------------------------------------------------------------------------------------------------------------------------------------+
| server_id                        | triton                                                                                                                                                                                                          |
| server_version                   | 2.49.0                                                                                                                                                                                                          |
| server_extensions                | classification sequence model_repository model_repository(unload_dependents) schedule_policy model_configuration system_shared_memory cuda_shared_memory binary_tensor_data parameters statistics trace logging |
| model_repository_path[0]         | /models                                                                                                                                                                                                         |
| model_control_mode               | MODE_NONE                                                                                                                                                                                                       |
| strict_model_config              | 0                                                                                                                                                                                                               |
| model_config_name                |                                                                                                                                                                                                                 |
| rate_limit                       | OFF                                                                                                                                                                                                             |
| pinned_memory_pool_byte_size     | 268435456                                                                                                                                                                                                       |
| cuda_memory_pool_byte_size{0}    | 67108864                                                                                                                                                                                                        |
| min_supported_compute_capability | 6.0                                                                                                                                                                                                             |
| strict_readiness                 | 1                                                                                                                                                                                                               |
| exit_timeout                     | 30                                                                                                                                                                                                              |
| cache_enabled                    | 0                                                                                                                                                                                                               |
+----------------------------------+-----------------------------------------------------------------------------------------------------------------------------------------------------------------------------------------------------------------+

I0916 05:52:03.488625 1 grpc_server.cc:2370] 
+----------------------------------------------+---------+
| GRPC KeepAlive Option                        | Value   |
+----------------------------------------------+---------+
| keepalive_time_ms                            | 7200000 |
| keepalive_timeout_ms                         | 20000   |
| keepalive_permit_without_calls               | 0       |
| http2_max_pings_without_data                 | 2       |
| http2_min_recv_ping_interval_without_data_ms | 300000  |
| http2_max_ping_strikes                       | 2       |
+----------------------------------------------+---------+

I0916 05:52:03.490419 1 grpc_server.cc:102] "Ready for RPC 'Check', 0"
I0916 05:52:03.490481 1 grpc_server.cc:102] "Ready for RPC 'ServerLive', 0"
I0916 05:52:03.490513 1 grpc_server.cc:102] "Ready for RPC 'ServerReady', 0"
I0916 05:52:03.490541 1 grpc_server.cc:102] "Ready for RPC 'ModelReady', 0"
I0916 05:52:03.490561 1 grpc_server.cc:102] "Ready for RPC 'ServerMetadata', 0"
I0916 05:52:03.490591 1 grpc_server.cc:102] "Ready for RPC 'ModelMetadata', 0"
I0916 05:52:03.490621 1 grpc_server.cc:102] "Ready for RPC 'ModelConfig', 0"
I0916 05:52:03.490648 1 grpc_server.cc:102] "Ready for RPC 'SystemSharedMemoryStatus', 0"
I0916 05:52:03.490682 1 grpc_server.cc:102] "Ready for RPC 'SystemSharedMemoryRegister', 0"
I0916 05:52:03.490704 1 grpc_server.cc:102] "Ready for RPC 'SystemSharedMemoryUnregister', 0"
I0916 05:52:03.490730 1 grpc_server.cc:102] "Ready for RPC 'CudaSharedMemoryStatus', 0"
I0916 05:52:03.490756 1 grpc_server.cc:102] "Ready for RPC 'CudaSharedMemoryRegister', 0"
I0916 05:52:03.490785 1 grpc_server.cc:102] "Ready for RPC 'CudaSharedMemoryUnregister', 0"
I0916 05:52:03.490809 1 grpc_server.cc:102] "Ready for RPC 'RepositoryIndex', 0"
I0916 05:52:03.490836 1 grpc_server.cc:102] "Ready for RPC 'RepositoryModelLoad', 0"
I0916 05:52:03.490875 1 grpc_server.cc:102] "Ready for RPC 'RepositoryModelUnload', 0"
I0916 05:52:03.490903 1 grpc_server.cc:102] "Ready for RPC 'ModelStatistics', 0"
I0916 05:52:03.490933 1 grpc_server.cc:102] "Ready for RPC 'Trace', 0"
I0916 05:52:03.490957 1 grpc_server.cc:102] "Ready for RPC 'Logging', 0"
I0916 05:52:03.491005 1 grpc_server.cc:366] "Thread started for CommonHandler"
I0916 05:52:03.491182 1 infer_handler.cc:680] "New request handler for ModelInferHandler, 0"
I0916 05:52:03.491224 1 infer_handler.h:1367] "Thread started for ModelInferHandler"
I0916 05:52:03.491375 1 infer_handler.cc:680] "New request handler for ModelInferHandler, 0"
I0916 05:52:03.491405 1 infer_handler.h:1367] "Thread started for ModelInferHandler"
I0916 05:52:03.491533 1 stream_infer_handler.cc:128] "New request handler for ModelStreamInferHandler, 0"
I0916 05:52:03.491582 1 infer_handler.h:1367] "Thread started for ModelStreamInferHandler"
I0916 05:52:03.491603 1 grpc_server.cc:2463] "Started GRPCInferenceService at 0.0.0.0:8001"
I0916 05:52:03.491929 1 http_server.cc:4694] "Started HTTPService at 0.0.0.0:8000"
I0916 05:52:03.534365 1 http_server.cc:362] "Started Metrics Service at 0.0.0.0:8002"
